County,UAT,cl_None
ALBA,ALBAC,1013.0
ALBA,ALMAŞU MARE,808.0
ALBA,ARIEŞENI,1248.0
ALBA,AVRAM IANCU,834.0
ALBA,BERGHIN,680.0
ALBA,BISTRA,2021.0
ALBA,BLANDIANA,629.0
ALBA,BUCERDEA GRÂNOASĂ,1103.0
ALBA,BUCIUM,764.0
ALBA,CÂLNIC,988.0
ALBA,CENADE,440.0
ALBA,CERGĂU,903.0
ALBA,CERU-BĂCĂINŢI,239.0
ALBA,CETATEA DE BALTĂ,1132.0
ALBA,CIUGUD,1772.0
ALBA,CIURULEASA,689.0
ALBA,CRĂCIUNELU DE JOS,1051.0
ALBA,CRICĂU,1197.0
ALBA,CUT,718.0
ALBA,DAIA ROMÂNĂ,1464.0
ALBA,DOŞTAT,531.0
ALBA,FĂRĂU,855.0
ALBA,GALDA DE JOS,2034.0
ALBA,GÂRBOVA,1011.0
ALBA,GÂRDA DE SUS,859.0
ALBA,HOPÂRTA,528.0
ALBA,HOREA,1159.0
ALBA,IGHIU,3023.0
ALBA,ÎNTREGALDE,382.0
ALBA,JIDVEI,2310.0
ALBA,LIVEZILE,802.0
ALBA,LOPADEA NOUĂ,1708.0
ALBA,LUNCA MUREŞULUI,1257.0
ALBA,LUPŞA,1697.0
ALBA,METEŞ,1529.0
ALBA,MIHALŢ,1897.0
ALBA,MIRĂSLĂU,887.0
ALBA,MOGOŞ,466.0
ALBA,MUNICIPIUL AIUD,8095.0
ALBA,MUNICIPIUL ALBA IULIA,21920.0
ALBA,MUNICIPIUL BLAJ,6936.0
ALBA,MUNICIPIUL SEBEŞ,10429.0
ALBA,NOŞLAC,727.0
ALBA,OCOLIŞ,396.0
ALBA,OHABA,443.0
ALBA,ORAŞ ABRUD,2269.0
ALBA,ORAŞ BAIA DE ARIEŞ,1778.0
ALBA,ORAŞ CÂMPENI,4134.0
ALBA,ORAŞ CUGIR,8162.0
ALBA,ORAŞ OCNA MUREŞ,4162.0
ALBA,ORAŞ TEIUŞ,2891.0
ALBA,ORAŞ ZLATNA,3518.0
ALBA,PIANU,1678.0
ALBA,POIANA VADULUI,635.0
ALBA,PONOR,492.0
ALBA,POŞAGA,662.0
ALBA,RĂDEŞTI,718.0
ALBA,RÂMEŢ,337.0
ALBA,RIMETEA,530.0
ALBA,ROŞIA DE SECAŞ,785.0
ALBA,ROŞIA MONTANĂ,1532.0
ALBA,SĂLCIUA,767.0
ALBA,SĂLIŞTEA,1375.0
ALBA,SÂNCEL,1185.0
ALBA,SÂNTIMBRU,1412.0
ALBA,SĂSCIORI,2677.0
ALBA,SCĂRIŞOARA,921.0
ALBA,ŞIBOT,1256.0
ALBA,SOHODOL,826.0
ALBA,ŞONA,1802.0
ALBA,ŞPRING,1447.0
ALBA,STREMŢ,1350.0
ALBA,ŞUGAG,1316.0
ALBA,UNIREA,1906.0
ALBA,VADU MOŢILOR,922.0
ALBA,VALEA LUNGĂ,1654.0
ALBA,VIDRA,947.0
ALBA,VINŢU DE JOS,2474.0
ARAD,ALMAŞ,1325.0
ARAD,APATEU,1869.0
ARAD,ARCHIŞ,989.0
ARAD,BÂRSA,963.0
ARAD,BÂRZAVA,1581.0
ARAD,BATA,495.0
ARAD,BELIU,1672.0
ARAD,BIRCHIŞ,710.0
ARAD,BOCSIG,1637.0
ARAD,BRAZII,770.0
ARAD,BUTENI,1938.0
ARAD,CĂRAND,630.0
ARAD,CERMEI,1202.0
ARAD,CHISINDIA,793.0
ARAD,CONOP,943.0
ARAD,COVĂSINŢ,1056.0
ARAD,CRAIVA,1643.0
ARAD,DEZNA,805.0
ARAD,DIECI,970.0
ARAD,DOROBANŢI,734.0
ARAD,FÂNTÂNELE,1663.0
ARAD,FELNAC,1479.0
ARAD,FRUMUŞENI,1147.0
ARAD,GHIOROC,1412.0
ARAD,GRĂNICERI,1086.0
ARAD,GURAHONŢ,2011.0
ARAD,HĂLMĂGEL,741.0
ARAD,HĂLMAGIU,1895.0
ARAD,HĂŞMAŞ,795.0
ARAD,IGNEŞTI,397.0
ARAD,IRATOŞU,1244.0
ARAD,LIVADA,1540.0
ARAD,MACEA,2235.0
ARAD,MIŞCA,1557.0
ARAD,MONEASA,674.0
ARAD,MUNICIPIUL ARAD,43106.0
ARAD,OLARI,830.0
ARAD,ORAŞ CHIŞINEU-CRIŞ,3911.0
ARAD,ORAŞ CURTICI,2420.0
ARAD,ORAŞ INEU,4047.0
ARAD,ORAŞ LIPOVA,4140.0
ARAD,ORAŞ NĂDLAC,2993.0
ARAD,ORAŞ PÂNCOTA,2857.0
ARAD,ORAŞ PECICA,4569.0
ARAD,ORAŞ SÂNTANA,4379.0
ARAD,ORAŞ SEBIŞ,2846.0
ARAD,PĂULIŞ,2026.0
ARAD,PEREGU MARE,756.0
ARAD,PETRIŞ,726.0
ARAD,PILU,1060.0
ARAD,PLEŞCUŢA,543.0
ARAD,ŞAGU,1794.0
ARAD,SĂVÂRŞIN,1330.0
ARAD,SECUSIGIU,2348.0
ARAD,ŞEITIN,1286.0
ARAD,SELEUŞ,1516.0
ARAD,SEMLAC,1436.0
ARAD,ŞEPREUŞ,1173.0
ARAD,ŞICULA,2115.0
ARAD,ŞILINDIA,486.0
ARAD,ŞIMAND,2088.0
ARAD,SINTEA MARE,1540.0
ARAD,ŞIRIA,2776.0
ARAD,ŞIŞTAROVĂŢ,238.0
ARAD,SOCODOR,1396.0
ARAD,ŞOFRONEA,1441.0
ARAD,TÂRNOVA,3482.0
ARAD,TAUŢ,1056.0
ARAD,USUSĂU,640.0
ARAD,VĂRĂDIA DE MUREŞ,894.0
ARAD,VÂRFURILE,1449.0
ARAD,VINGA,2476.0
ARAD,VLADIMIRESCU,4528.0
ARAD,ZĂBRANI,1619.0
ARAD,ZĂDĂRENI,1160.0
ARAD,ZĂRAND,1397.0
ARAD,ZERIND,604.0
ARAD,ZIMANDU NOU,2204.0
ARGEŞ,ALBEŞTII DE ARGEŞ,2817.0
ARGEŞ,ALBEŞTII DE MUSCEL,899.0
ARGEŞ,ALBOTA,1772.0
ARGEŞ,ANINOASA,1723.0
ARGEŞ,AREFU,880.0
ARGEŞ,BĂBANA,1289.0
ARGEŞ,BĂICULEŞTI,2714.0
ARGEŞ,BĂLILEŞTI,1802.0
ARGEŞ,BÂRLA,2485.0
ARGEŞ,BASCOV,4254.0
ARGEŞ,BELEŢI-NEGREŞTI,1013.0
ARGEŞ,BEREVOEŞTI,1685.0
ARGEŞ,BOGAŢI,1777.0
ARGEŞ,BOTENI,1301.0
ARGEŞ,BOŢEŞTI,673.0
ARGEŞ,BRADU,4097.0
ARGEŞ,BRĂDULEŢ,877.0
ARGEŞ,BUDEASA,2014.0
ARGEŞ,BUGHEA DE JOS,1308.0
ARGEŞ,BUGHEA DE SUS,1252.0
ARGEŞ,BUZOEŞTI,2494.0
ARGEŞ,CĂLDĂRARU,1001.0
ARGEŞ,CĂLINEŞTI,4288.0
ARGEŞ,CĂTEASCA,2108.0
ARGEŞ,CEPARI,1074.0
ARGEŞ,CETĂŢENI,1326.0
ARGEŞ,CICĂNEŞTI,1175.0
ARGEŞ,CIOFRÂNGENI,1037.0
ARGEŞ,CIOMĂGEŞTI,658.0
ARGEŞ,COCU,976.0
ARGEŞ,CORBENI,2557.0
ARGEŞ,CORBI,2055.0
ARGEŞ,COŞEŞTI,2497.0
ARGEŞ,COTMEANA,842.0
ARGEŞ,CUCA,865.0
ARGEŞ,DÂMBOVICIOARA,614.0
ARGEŞ,DÂRMĂNEŞTI,1594.0
ARGEŞ,DAVIDEŞTI,1521.0
ARGEŞ,DOBREŞTI,1006.0
ARGEŞ,DOMNEŞTI,1903.0
ARGEŞ,DRĂGANU,1021.0
ARGEŞ,DRAGOSLAVELE,1235.0
ARGEŞ,GODENI,1360.0
ARGEŞ,HÂRSEȘTI,1088.0
ARGEŞ,HÂRTIEŞTI,1217.0
ARGEŞ,IZVORU,1076.0
ARGEŞ,LEORDENI,2341.0
ARGEŞ,LEREŞTI,2143.0
ARGEŞ,LUNCA CORBULUI,986.0
ARGEŞ,MĂLURENI,1756.0
ARGEŞ,MĂRĂCINENI,2537.0
ARGEŞ,MERIŞANI,1856.0
ARGEŞ,MICEŞTI,2327.0
ARGEŞ,MIHĂEŞTI,3185.0
ARGEŞ,MIOARELE,903.0
ARGEŞ,MIROŞI,930.0
ARGEŞ,MORĂREŞTI,974.0
ARGEŞ,MOŞOAIA,2934.0
ARGEŞ,MOZĂCENI,1077.0
ARGEŞ,MUNICIPIUL CÂMPULUNG,13005.0
ARGEŞ,MUNICIPIUL CURTEA DE ARGEŞ,9618.0
ARGEŞ,MUNICIPIUL PITEŞTI,47661.0
ARGEŞ,MUŞĂTEŞTI,1641.0
ARGEŞ,NEGRAŞI,963.0
ARGEŞ,NUCŞOARA,805.0
ARGEŞ,OARJA,1488.0
ARGEŞ,ORAŞ COSTEŞTI,4129.0
ARGEŞ,ORAŞ MIOVENI,11562.0
ARGEŞ,ORAŞ ŞTEFĂNEŞTI,6091.0
ARGEŞ,ORAŞ TOPOLOVENI,3989.0
ARGEŞ,PIETROŞANI,2415.0
ARGEŞ,POIANA LACULUI,3074.0
ARGEŞ,POIENARII DE ARGEŞ,577.0
ARGEŞ,POIENARII DE MUSCEL,1314.0
ARGEŞ,POPEŞTI,969.0
ARGEŞ,PRIBOIENI,2044.0
ARGEŞ,RÂCA,554.0
ARGEŞ,RĂTEŞTI,1247.0
ARGEŞ,RECEA,1208.0
ARGEŞ,ROCIU,1281.0
ARGEŞ,RUCĂR,2944.0
ARGEŞ,SĂLĂTRUCU,866.0
ARGEŞ,SĂPATA,963.0
ARGEŞ,SCHITU GOLEŞTI,2049.0
ARGEŞ,SLOBOZIA,2254.0
ARGEŞ,STÂLPENI,2388.0
ARGEŞ,ŞTEFAN CEL MARE,1137.0
ARGEŞ,STOENEŞTI,1860.0
ARGEŞ,STOLNICI,1055.0
ARGEŞ,ŞUICI,1179.0
ARGEŞ,SUSENI,1393.0
ARGEŞ,TEIU,656.0
ARGEŞ,TIGVENI,1320.0
ARGEŞ,ŢIŢEŞTI,2178.0
ARGEŞ,UDA,1003.0
ARGEŞ,UNGHENI,1270.0
ARGEŞ,VALEA DANULUI,1557.0
ARGEŞ,VALEA IAŞULUI,1246.0
ARGEŞ,VALEA MARE-PRAVĂŢ,2083.0
ARGEŞ,VEDEA,1543.0
ARGEŞ,VLĂDEŞTI,1653.0
ARGEŞ,VULTUREŞTI,1280.0
BACĂU,AGĂŞ,2136.0
BACĂU,ARDEOANI,1116.0
BACĂU,ASĂU,2723.0
BACĂU,BALCANI,2723.0
BACĂU,BÂRSĂNEŞTI,1559.0
BACĂU,BEREŞTI-BISTRIŢA,868.0
BACĂU,BEREŞTI-TAZLĂU,2063.0
BACĂU,BERZUNŢI,2042.0
BACĂU,BLĂGEŞTI,2343.0
BACĂU,BOGDĂNEŞTI,978.0
BACĂU,BRUSTUROASA,1345.0
BACĂU,BUCIUMI,1278.0
BACĂU,BUHOCI,1674.0
BACĂU,CĂIUŢI,1932.0
BACĂU,CAŞIN,1723.0
BACĂU,CLEJA,2076.0
BACĂU,COLONEŞTI,733.0
BACĂU,CORBASCA,1423.0
BACĂU,COŢOFĂNEŞTI,1384.0
BACĂU,DĂMIENEŞTI,811.0
BACĂU,DEALU MORII,1278.0
BACĂU,DOFTEANA,4455.0
BACĂU,FARAOANI,1738.0
BACĂU,FILIPENI,1243.0
BACĂU,FILIPEŞTI,1926.0
BACĂU,GĂICEANA,1168.0
BACĂU,GÂRLENI,2230.0
BACĂU,GHIMEŞ-FĂGET,2006.0
BACĂU,GIOSENI,1233.0
BACĂU,GLĂVĂNEŞTI,1372.0
BACĂU,GURA VĂII,1931.0
BACĂU,HELEGIU,2288.0
BACĂU,HEMEIUŞ,2189.0
BACĂU,HORGEŞTI,1672.0
BACĂU,HURUIEŞTI,1065.0
BACĂU,ITEŞTI,747.0
BACĂU,IZVORU BERHECIULUI,732.0
BACĂU,LETEA VECHE,3010.0
BACĂU,LIPOVA,1144.0
BACĂU,LIVEZI,1959.0
BACĂU,LUIZI-CĂLUGĂRA,1502.0
BACĂU,MĂGIREŞTI,1624.0
BACĂU,MĂGURA,2133.0
BACĂU,MĂNĂSTIREA CAŞIN,1997.0
BACĂU,MĂRGINENI,3320.0
BACĂU,MOTOŞENI,1307.0
BACĂU,MUNICIPIUL BACĂU,49497.0
BACĂU,MUNICIPIUL MOINEŞTI,7110.0
BACĂU,MUNICIPIUL ONEŞTI,14296.0
BACĂU,NEGRI,1003.0
BACĂU,NICOLAE BĂLCESCU,3141.0
BACĂU,ODOBEŞTI,1216.0
BACĂU,OITUZ,2980.0
BACĂU,ONCEŞTI,692.0
BACĂU,ORAŞ BUHUŞI,5406.0
BACĂU,ORAŞ COMĂNEŞTI,7009.0
BACĂU,ORAŞ DĂRMĂNEŞTI,4828.0
BACĂU,ORAŞ SLĂNIC-MOLDOVA,2185.0
BACĂU,ORAŞ TÂRGU OCNA,4672.0
BACĂU,ORBENI,1421.0
BACĂU,PALANCA,1170.0
BACĂU,PÂNCEŞTI,1497.0
BACĂU,PARAVA,1029.0
BACĂU,PÂRGĂREŞTI,1343.0
BACĂU,PARINCEA,1265.0
BACĂU,PÂRJOL,2125.0
BACĂU,PLOPANA,1281.0
BACĂU,PODURI,2832.0
BACĂU,PODU TURCULUI,1918.0
BACĂU,PRĂJEŞTI,940.0
BACĂU,RĂCĂCIUNI,2355.0
BACĂU,RĂCHITOASA,1600.0
BACĂU,RACOVA,1378.0
BACĂU,ROŞIORI,973.0
BACĂU,SĂNDULENI,1503.0
BACĂU,SĂRATA,880.0
BACĂU,SASCUT,3509.0
BACĂU,SĂUCEŞTI,2151.0
BACĂU,SCORŢENI,1236.0
BACĂU,SECUIENI,1098.0
BACĂU,SOLONŢ,1207.0
BACĂU,STĂNIŞEŞTI,1526.0
BACĂU,ŞTEFAN CEL MARE,1981.0
BACĂU,STRUGARI,1058.0
BACĂU,TAMAŞI,1291.0
BACĂU,TÂRGU TROTUŞ,2215.0
BACĂU,TĂTĂRĂŞTI,910.0
BACĂU,TRAIAN,1040.0
BACĂU,UNGURENI,1375.0
BACĂU,URECHEŞTI,1464.0
BACĂU,VALEA SEACĂ,1335.0
BACĂU,VULTURENI,784.0
BACĂU,ZEMEŞ,1880.0
BIHOR,ABRAM,1428.0
BIHOR,ABRĂMUŢ,1042.0
BIHOR,AŞTILEU,1842.0
BIHOR,AUŞEU,1322.0
BIHOR,AVRAM IANCU,1509.0
BIHOR,BALC,1524.0
BIHOR,BATĂR,1962.0
BIHOR,BIHARIA,2263.0
BIHOR,BOIANU MARE,668.0
BIHOR,BOROD,1877.0
BIHOR,BORŞ,2071.0
BIHOR,BRATCA,2553.0
BIHOR,BRUSTURI,1793.0
BIHOR,BUDUREASA,1682.0
BIHOR,BUDUSLĂU,824.0
BIHOR,BULZ,1190.0
BIHOR,BUNTEŞTI,2987.0
BIHOR,CĂBEŞTI,1109.0
BIHOR,CÂMPANI,1524.0
BIHOR,CĂPÂLNA,897.0
BIHOR,CĂRPINET,1184.0
BIHOR,CEFA,1123.0
BIHOR,CEICA,1913.0
BIHOR,CETARIU,946.0
BIHOR,CHERECHIU,1051.0
BIHOR,CHIŞLAZ,1649.0
BIHOR,CIUMEGHIU,1971.0
BIHOR,COCIUBA MARE,1622.0
BIHOR,COPĂCEL,1475.0
BIHOR,CRIŞTIORU DE JOS,732.0
BIHOR,CURĂŢELE,1421.0
BIHOR,CURTUIŞENI,1589.0
BIHOR,DERNA,1058.0
BIHOR,DIOSIG,2720.0
BIHOR,DOBREŞTI,2313.0
BIHOR,DRĂGĂNEŞTI,1893.0
BIHOR,DRĂGEŞTI,1635.0
BIHOR,FINIŞ,1878.0
BIHOR,GEPIU,1249.0
BIHOR,GIRIŞU DE CRIŞ,1836.0
BIHOR,HIDIŞELU DE SUS,1994.0
BIHOR,HOLOD,1863.0
BIHOR,HUSASĂU DE TINCA,926.0
BIHOR,INEU,1720.0
BIHOR,LĂZĂRENI,1749.0
BIHOR,LAZURI DE BEIUŞ,985.0
BIHOR,LUGAŞU DE JOS,1831.0
BIHOR,LUNCA,1633.0
BIHOR,MĂDĂRAS,1342.0
BIHOR,MĂGEŞTI,1418.0
BIHOR,MUNICIPIUL BEIUŞ,5156.0
BIHOR,MUNICIPIUL MARGHITA,5979.0
BIHOR,MUNICIPIUL ORADEA,67922.0
BIHOR,MUNICIPIUL SALONTA,6927.0
BIHOR,NOJORID,2754.0
BIHOR,OLCEA,1179.0
BIHOR,ORAŞ ALEŞD,4366.0
BIHOR,ORAŞ NUCET,1406.0
BIHOR,ORAŞ SĂCUENI,4902.0
BIHOR,ORAŞ ŞTEI,2763.0
BIHOR,ORAŞ VALEA LUI MIHAI,3760.0
BIHOR,ORAŞ VAŞCĂU,1458.0
BIHOR,OŞORHEI,2876.0
BIHOR,PALEU,1672.0
BIHOR,PIETROASA,1741.0
BIHOR,POCOLA,974.0
BIHOR,POMEZEU,1641.0
BIHOR,POPEŞTI,3011.0
BIHOR,RĂBĂGANI,1212.0
BIHOR,REMETEA,1633.0
BIHOR,RIENI,1746.0
BIHOR,ROŞIA,1588.0
BIHOR,ROŞIORI,1254.0
BIHOR,SĂCĂDAT,1130.0
BIHOR,SĂLACEA,1479.0
BIHOR,SĂLARD,1681.0
BIHOR,SÂMBĂTA,936.0
BIHOR,SÂNIOB,1245.0
BIHOR,SÂNMARTIN,5821.0
BIHOR,SÂNNICOLAU ROMÂN,1332.0
BIHOR,SÂNTANDREI,3220.0
BIHOR,SÂRBI,1843.0
BIHOR,ŞIMIAN,1487.0
BIHOR,ŞINTEU,302.0
BIHOR,ŞOIMI,1172.0
BIHOR,SPINUŞ,682.0
BIHOR,ŞUNCUIUŞ,1517.0
BIHOR,SUPLACU DE BARCĂU,1826.0
BIHOR,TĂMĂŞEU,896.0
BIHOR,TĂRCAIA,1316.0
BIHOR,TARCEA,1027.0
BIHOR,TĂUTEU,1664.0
BIHOR,ŢEŢCHEA,1571.0
BIHOR,TILEAGD,2217.0
BIHOR,TINCA,3011.0
BIHOR,TOBOLIU,1265.0
BIHOR,TULCA,1534.0
BIHOR,UILEACU DE BEIUŞ,1319.0
BIHOR,VADU CRIŞULUI,1776.0
BIHOR,VÂRCIOROG,1053.0
BIHOR,VIIŞOARA,716.0
BISTRIŢA-NĂSĂUD,BISTRIŢA BÂRGĂULUI,1816.0
BISTRIŢA-NĂSĂUD,BRANIŞTEA,1751.0
BISTRIŢA-NĂSĂUD,BUDACU DE JOS,1409.0
BISTRIŢA-NĂSĂUD,BUDEŞTI,739.0
BISTRIŢA-NĂSĂUD,CĂIANU MIC,1675.0
BISTRIŢA-NĂSĂUD,CETATE,1401.0
BISTRIŢA-NĂSĂUD,CHIOCHIŞ,1328.0
BISTRIŢA-NĂSĂUD,CHIUZA,1102.0
BISTRIŢA-NĂSĂUD,CICEU-GIURGEŞTI,823.0
BISTRIŢA-NĂSĂUD,CICEU - MIHĂIEŞTI,498.0
BISTRIŢA-NĂSĂUD,COŞBUC,861.0
BISTRIŢA-NĂSĂUD,DUMITRA,1907.0
BISTRIŢA-NĂSĂUD,DUMITRIŢA,1364.0
BISTRIŢA-NĂSĂUD,FELDRU,2526.0
BISTRIŢA-NĂSĂUD,GALAŢII BISTRIŢEI,1134.0
BISTRIŢA-NĂSĂUD,ILVA MARE,1175.0
BISTRIŢA-NĂSĂUD,ILVA MICĂ,1425.0
BISTRIŢA-NĂSĂUD,JOSENII BÂRGĂULUI,2023.0
BISTRIŢA-NĂSĂUD,LECHINŢA,2269.0
BISTRIŢA-NĂSĂUD,LEŞU,1441.0
BISTRIŢA-NĂSĂUD,LIVEZILE,2317.0
BISTRIŢA-NĂSĂUD,LUNCA ILVEI,1402.0
BISTRIŢA-NĂSĂUD,MĂGURA ILVEI,878.0
BISTRIŢA-NĂSĂUD,MAIERU,3529.0
BISTRIŢA-NĂSĂUD,MĂRIŞELU,1070.0
BISTRIŢA-NĂSĂUD,MATEI,1273.0
BISTRIŢA-NĂSĂUD,MICEŞTII DE CÂMPIE,500.0
BISTRIŢA-NĂSĂUD,MILAŞ,642.0
BISTRIŢA-NĂSĂUD,MONOR,771.0
BISTRIŢA-NĂSĂUD,MUNICIPIUL BISTRIŢA,28261.0
BISTRIŢA-NĂSĂUD,NEGRILEŞTI,1310.0
BISTRIŢA-NĂSĂUD,NIMIGEA,2288.0
BISTRIŢA-NĂSĂUD,NUŞENI,1544.0
BISTRIŢA-NĂSĂUD,ORAŞ BECLEAN,4722.0
BISTRIŢA-NĂSĂUD,ORAŞ NĂSĂUD,4350.0
BISTRIŢA-NĂSĂUD,ORAŞ SÂNGEORZ-BĂI,4785.0
BISTRIŢA-NĂSĂUD,PARVA,1060.0
BISTRIŢA-NĂSĂUD,PETRU RAREŞ,1493.0
BISTRIŢA-NĂSĂUD,POIANA ILVEI,876.0
BISTRIŢA-NĂSĂUD,PRUNDU BÂRGĂULUI,2584.0
BISTRIŢA-NĂSĂUD,REBRA,926.0
BISTRIŢA-NĂSĂUD,REBRIŞOARA,2069.0
BISTRIŢA-NĂSĂUD,RODNA,2771.0
BISTRIŢA-NĂSĂUD,ROMULI,973.0
BISTRIŢA-NĂSĂUD,RUNCU SALVEI,589.0
BISTRIŢA-NĂSĂUD,SALVA,1575.0
BISTRIŢA-NĂSĂUD,SÂNMIHAIU DE CÂMPIE,863.0
BISTRIŢA-NĂSĂUD,ŞANŢ,1952.0
BISTRIŢA-NĂSĂUD,ŞIEU,1367.0
BISTRIŢA-NĂSĂUD,ŞIEU-MĂGHERUŞ,1527.0
BISTRIŢA-NĂSĂUD,ŞIEU-ODORHEI,1075.0
BISTRIŢA-NĂSĂUD,ŞIEUŢ,1426.0
BISTRIŢA-NĂSĂUD,SILIVAŞU DE CÂMPIE,548.0
BISTRIŢA-NĂSĂUD,ŞINTEREAG,1635.0
BISTRIŢA-NĂSĂUD,SPERMEZEU,1485.0
BISTRIŢA-NĂSĂUD,TÂRLIŞUA,1659.0
BISTRIŢA-NĂSĂUD,TEACA,2060.0
BISTRIŢA-NĂSĂUD,TELCIU,2318.0
BISTRIŢA-NĂSĂUD,TIHA BÂRGĂULUI,2479.0
BISTRIŢA-NĂSĂUD,URIU,1613.0
BISTRIŢA-NĂSĂUD,URMENIŞ,829.0
BISTRIŢA-NĂSĂUD,ZAGRA,1671.0
BOTOŞANI,ADĂŞENI,716.0
BOTOŞANI,ALBEŞTI,2245.0
BOTOŞANI,AVRĂMENI,1696.0
BOTOŞANI,BĂLUŞENI,2114.0
BOTOŞANI,BLÂNDEŞTI,939.0
BOTOŞANI,BRĂEŞTI,1050.0
BOTOŞANI,BROSCĂUŢI,1582.0
BOTOŞANI,CĂLĂRAŞI,1464.0
BOTOŞANI,CÂNDEŞTI,930.0
BOTOŞANI,CONCEŞTI,689.0
BOTOŞANI,COPĂLĂU,1726.0
BOTOŞANI,CORDĂRENI,885.0
BOTOŞANI,CORLĂTENI,963.0
BOTOŞANI,CORNI,2216.0
BOTOŞANI,COŞULA,944.0
BOTOŞANI,COŢUŞCA,1774.0
BOTOŞANI,CRISTEŞTI,1928.0
BOTOŞANI,CRISTINEŞTI,1606.0
BOTOŞANI,CURTEŞTI,2221.0
BOTOŞANI,DÂNGENI,1429.0
BOTOŞANI,DERSCA,1325.0
BOTOŞANI,DIMĂCHENI,722.0
BOTOŞANI,DOBÂRCENI,1180.0
BOTOŞANI,DRĂGUŞENI,907.0
BOTOŞANI,DURNEŞTI,1477.0
BOTOŞANI,FRUMUŞICA,1817.0
BOTOŞANI,GEORGE ENESCU,1475.0
BOTOŞANI,GORBĂNEŞTI,1400.0
BOTOŞANI,HĂNEŞTI,867.0
BOTOŞANI,HAVÂRNA,1650.0
BOTOŞANI,HILIŞEU-HORIA,1244.0
BOTOŞANI,HLIPICENI,1285.0
BOTOŞANI,HUDEŞTI,2570.0
BOTOŞANI,IBĂNEŞTI,1683.0
BOTOŞANI,LEORDA,1329.0
BOTOŞANI,LOZNA,774.0
BOTOŞANI,LUNCA,1739.0
BOTOŞANI,MANOLEASA,1477.0
BOTOŞANI,MIHAI EMINESCU,3181.0
BOTOŞANI,MIHĂILENI,1106.0
BOTOŞANI,MIHĂLĂŞENI,1094.0
BOTOŞANI,MILEANCA,1158.0
BOTOŞANI,MITOC,848.0
BOTOŞANI,MUNICIPIUL BOTOŞANI,29205.0
BOTOŞANI,MUNICIPIUL DOROHOI,9052.0
BOTOŞANI,NICŞENI,1085.0
BOTOŞANI,ORAŞ BUCECEA,2111.0
BOTOŞANI,ORAŞ DARABANI,3754.0
BOTOŞANI,ORAŞ FLĂMÂNZI,3784.0
BOTOŞANI,ORAŞ SĂVENI,3066.0
BOTOŞANI,ORAŞ ŞTEFĂNEŞTI,2263.0
BOTOŞANI,PĂLTINIŞ,1401.0
BOTOŞANI,POMÂRLA,1294.0
BOTOŞANI,PRĂJENI,1356.0
BOTOŞANI,RĂCHIŢI,2156.0
BOTOŞANI,RĂDĂUŢI-PRUT,1459.0
BOTOŞANI,RĂUSENI,986.0
BOTOŞANI,RIPICENI,898.0
BOTOŞANI,ROMA,1311.0
BOTOŞANI,ROMÂNEŞTI,887.0
BOTOŞANI,SANTA MARE,1161.0
BOTOŞANI,ŞENDRICENI,1545.0
BOTOŞANI,STĂUCENI,1509.0
BOTOŞANI,ŞTIUBIENI,1218.0
BOTOŞANI,SUHARĂU,1603.0
BOTOŞANI,SULIŢA,1444.0
BOTOŞANI,TODIRENI,1275.0
BOTOŞANI,TRUŞEŞTI,2187.0
BOTOŞANI,TUDORA,1840.0
BOTOŞANI,UNGURENI,2112.0
BOTOŞANI,UNŢENI,1096.0
BOTOŞANI,VĂCULEŞTI,912.0
BOTOŞANI,VÂRFU CÂMPULUI,1758.0
BOTOŞANI,VIIŞOARA,936.0
BOTOŞANI,VLĂDENI,1604.0
BOTOŞANI,VLĂSINEŞTI,1303.0
BOTOŞANI,VORNICENI,1656.0
BOTOŞANI,VORONA,2209.0
BRĂILA,BĂRĂGANUL,1316.0
BRĂILA,BERTEŞTII DE JOS,1215.0
BRĂILA,BORDEI VERDE,1106.0
BRĂILA,CAZASU,1456.0
BRĂILA,CHISCANI,2142.0
BRĂILA,CIOCILE,1147.0
BRĂILA,CIREŞU,1396.0
BRĂILA,DUDEŞTI,1579.0
BRĂILA,FRECĂŢEI,784.0
BRĂILA,GALBENU,1576.0
BRĂILA,GEMENELE,800.0
BRĂILA,GRĂDIŞTEA,1157.0
BRĂILA,GROPENI,1601.0
BRĂILA,JIRLĂU,1122.0
BRĂILA,MĂRAŞU,1245.0
BRĂILA,MĂXINENI,1442.0
BRĂILA,MIRCEA VODĂ,1567.0
BRĂILA,MOVILA MIRESII,1694.0
BRĂILA,MUNICIPIUL BRĂILA,51125.0
BRĂILA,ORAŞ FĂUREI,1811.0
BRĂILA,ORAŞ IANCA,4226.0
BRĂILA,ORAŞ ÎNSURĂŢEI,2246.0
BRĂILA,RACOVIŢA,504.0
BRĂILA,RÂMNICELU,715.0
BRĂILA,ROMANU,713.0
BRĂILA,ROŞIORI,949.0
BRĂILA,SALCIA TUDOR,1120.0
BRĂILA,SCORŢARU NOU,540.0
BRĂILA,SILIŞTEA,829.0
BRĂILA,STĂNCUŢA,1723.0
BRĂILA,SURDILA-GĂISEANCA,1330.0
BRĂILA,SURDILA-GRECI,766.0
BRĂILA,ŞUŢEŞTI,1910.0
BRĂILA,TICHILEŞTI,1432.0
BRĂILA,TRAIAN,1347.0
BRĂILA,TUDOR VLADIMIRESCU,852.0
BRĂILA,TUFEŞTI,2102.0
BRĂILA,ULMU,1824.0
BRĂILA,UNIREA,1069.0
BRĂILA,VĂDENI,1443.0
BRĂILA,VICTORIA,1790.0
BRĂILA,VIŞANI,960.0
BRĂILA,VIZIRU,2591.0
BRĂILA,ZĂVOAIA,1428.0
BRAŞOV,APAŢA,1396.0
BRAŞOV,AUGUSTIN,884.0
BRAŞOV,BECLEAN,1086.0
BRAŞOV,BOD,2093.0
BRAŞOV,BRAN,2410.0
BRAŞOV,BUDILA,1924.0
BRAŞOV,BUNEŞTI,1134.0
BRAŞOV,CAŢA,1261.0
BRAŞOV,CINCU,861.0
BRAŞOV,COMANA,1247.0
BRAŞOV,CRISTIAN,2847.0
BRAŞOV,CRIZBAV,1133.0
BRAŞOV,DRĂGUŞ,667.0
BRAŞOV,DUMBRĂVIŢA,2132.0
BRAŞOV,FELDIOARA,2870.0
BRAŞOV,FUNDATA,609.0
BRAŞOV,HĂLCHIU,1823.0
BRAŞOV,HĂRMAN,2560.0
BRAŞOV,HÂRSENI,1137.0
BRAŞOV,HOGHIZ,2011.0
BRAŞOV,HOLBAV,664.0
BRAŞOV,HOMOROD,1061.0
BRAŞOV,JIBERT,979.0
BRAŞOV,LISA,960.0
BRAŞOV,MĂIERUŞ,1399.0
BRAŞOV,MÂNDRA,1400.0
BRAŞOV,MOIECIU,2454.0
BRAŞOV,MUNICIPIUL BRAŞOV,81132.0
BRAŞOV,MUNICIPIUL CODLEA,7364.0
BRAŞOV,MUNICIPIUL FĂGĂRAŞ,9480.0
BRAŞOV,MUNICIPIUL SĂCELE,10219.0
BRAŞOV,ORAŞ GHIMBAV,2672.0
BRAŞOV,ORAŞ PREDEAL,2210.0
BRAŞOV,ORAŞ RÂŞNOV,5620.0
BRAŞOV,ORAŞ RUPEA,2262.0
BRAŞOV,ORAŞ VICTORIA,2926.0
BRAŞOV,ORAŞ ZĂRNEŞTI,8937.0
BRAŞOV,ORMENIŞ,1117.0
BRAŞOV,PĂRĂU,1051.0
BRAŞOV,POIANA MĂRULUI,1553.0
BRAŞOV,PREJMER,3638.0
BRAŞOV,RACOŞ,1348.0
BRAŞOV,RECEA,1383.0
BRAŞOV,SÂMBĂTA DE SUS,900.0
BRAŞOV,SÂNPETRU,3373.0
BRAŞOV,ŞERCAIA,1042.0
BRAŞOV,ŞINCA,1565.0
BRAŞOV,ŞINCA NOUĂ,922.0
BRAŞOV,ŞOARŞ,959.0
BRAŞOV,TĂRLUNGENI,3886.0
BRAŞOV,TELIU,1789.0
BRAŞOV,TICUŞU,527.0
BRAŞOV,UCEA,1092.0
BRAŞOV,UNGRA,985.0
BRAŞOV,VAMA BUZĂULUI,1524.0
BRAŞOV,VIŞTEA,1057.0
BRAŞOV,VOILA,1512.0
BRAŞOV,VULCAN,2330.0
BUZĂU,AMARU,1067.0
BUZĂU,BĂLĂCEANU,933.0
BUZĂU,BALTA ALBĂ,1552.0
BUZĂU,BECENI,2358.0
BUZĂU,BERCA,3574.0
BUZĂU,BISOCA,761.0
BUZĂU,BLĂJANI,621.0
BUZĂU,BOLDU,1127.0
BUZĂU,BOZIORU,553.0
BUZĂU,BRĂDEANU,1105.0
BUZĂU,BRĂEŞTI,1010.0
BUZĂU,BREAZA,1127.0
BUZĂU,BUDA,1412.0
BUZĂU,CALVINI,2191.0
BUZĂU,CĂNEŞTI,371.0
BUZĂU,C.A. ROSETTI,1619.0
BUZĂU,CĂTINA,1379.0
BUZĂU,CERNĂTEŞTI,1553.0
BUZĂU,CHILIILE,273.0
BUZĂU,CHIOJDU,1678.0
BUZĂU,CILIBIA,1005.0
BUZĂU,CISLĂU,2209.0
BUZĂU,COCHIRLEANCA,2526.0
BUZĂU,COLŢI,639.0
BUZĂU,COSTEŞTI,2229.0
BUZĂU,COZIENI,881.0
BUZĂU,FLORICA,667.0
BUZĂU,GĂLBINAŞI,2251.0
BUZĂU,GHERĂSENI,1629.0
BUZĂU,GHERGHEASA,1165.0
BUZĂU,GLODEANU SĂRAT,2019.0
BUZĂU,GLODEANU-SILIŞTEA,1691.0
BUZĂU,GREBĂNU,2801.0
BUZĂU,GURA TEGHII,1761.0
BUZĂU,LARGU,795.0
BUZĂU,LOPĂTARI,1767.0
BUZĂU,LUCIU,1135.0
BUZĂU,MĂGURA,1187.0
BUZĂU,MÂNZĂLEŞTI,1121.0
BUZĂU,MĂRĂCINENI,3620.0
BUZĂU,MĂRGĂRITEŞTI,375.0
BUZĂU,MEREI,2926.0
BUZĂU,MIHĂILEŞTI,1077.0
BUZĂU,MOVILA BANULUI,1222.0
BUZĂU,MUNICIPIUL BUZĂU,37548.0
BUZĂU,MUNICIPIUL RÂMNICU SĂRAT,13249.0
BUZĂU,MURGEŞTI,526.0
BUZĂU,NĂENI,984.0
BUZĂU,ODĂILE,395.0
BUZĂU,ORAŞ NEHOIU,5861.0
BUZĂU,ORAŞ PĂTÂRLAGELE,3370.0
BUZĂU,ORAŞ POGOANELE,3574.0
BUZĂU,PADINA,1269.0
BUZĂU,PĂNĂTĂU,967.0
BUZĂU,PARDOŞI,294.0
BUZĂU,PÂRSCOV,2238.0
BUZĂU,PIETROASELE,1347.0
BUZĂU,PODGORIA,1322.0
BUZĂU,POŞTA CÂLNĂU,2698.0
BUZĂU,PUIEŞTI,1414.0
BUZĂU,RACOVIŢENI,677.0
BUZĂU,RÂMNICELU,2282.0
BUZĂU,ROBEASCA,437.0
BUZĂU,RUŞEŢU,1890.0
BUZĂU,SĂGEATA,2356.0
BUZĂU,SĂHĂTENI,1655.0
BUZĂU,SĂPOCA,1606.0
BUZĂU,SĂRULEŞTI,527.0
BUZĂU,SCORŢOASA,1240.0
BUZĂU,SCUTELNICI,1445.0
BUZĂU,SIRIU,1681.0
BUZĂU,SMEENI,2328.0
BUZĂU,STÂLPU,1519.0
BUZĂU,ŢINTEŞTI,2199.0
BUZĂU,TISĂU,2009.0
BUZĂU,TOPLICENI,2002.0
BUZĂU,ULMENI,1424.0
BUZĂU,UNGURIU,932.0
BUZĂU,VADU PAŞII,5089.0
BUZĂU,VÂLCELELE,1023.0
BUZĂU,VALEA RÂMNICULUI,2531.0
BUZĂU,VALEA SALCIEI,356.0
BUZĂU,VERNEŞTI,3165.0
BUZĂU,VINTILĂ VODĂ,1260.0
BUZĂU,VIPEREŞTI,1504.0
BUZĂU,ZĂRNEŞTI,2423.0
BUZĂU,ZIDURI,2150.0
CĂLĂRAŞI,ALEXANDRU ODOBESCU,1635.0
CĂLĂRAŞI,BELCIUGATELE,1147.0
CĂLĂRAŞI,BORCEA,3006.0
CĂLĂRAŞI,CĂSCIOARELE,1002.0
CĂLĂRAŞI,CHIRNOGI,2622.0
CĂLĂRAŞI,CHISELET,1316.0
CĂLĂRAŞI,CIOCĂNEŞTI,1992.0
CĂLĂRAŞI,CRIVĂŢ,1154.0
CĂLĂRAŞI,CURCANI,2663.0
CĂLĂRAŞI,CUZA VODĂ,1841.0
CĂLĂRAŞI,DICHISENI,869.0
CĂLĂRAŞI,DOR MĂRUNT,3397.0
CĂLĂRAŞI,DOROBANŢU,1462.0
CĂLĂRAŞI,DRAGALINA,3412.0
CĂLĂRAŞI,DRAGOŞ VODĂ,1324.0
CĂLĂRAŞI,FRĂSINET,920.0
CĂLĂRAŞI,FRUMUŞANI,2471.0
CĂLĂRAŞI,FUNDENI,2168.0
CĂLĂRAŞI,GĂLBINAŞI,1838.0
CĂLĂRAŞI,GRĂDIŞTEA,2429.0
CĂLĂRAŞI,GURBĂNEŞTI,855.0
CĂLĂRAŞI,ILEANA,1282.0
CĂLĂRAŞI,INDEPENDENŢA,1785.0
CĂLĂRAŞI,JEGĂLIA,1757.0
CĂLĂRAŞI,LEHLIU,1368.0
CĂLĂRAŞI,LUICA,1043.0
CĂLĂRAŞI,LUPŞANU,1624.0
CĂLĂRAŞI,MÂNĂSTIREA,2471.0
CĂLĂRAŞI,MITRENI,1860.0
CĂLĂRAŞI,MODELU,3800.0
CĂLĂRAŞI,MUNICIPIUL CĂLĂRAŞI,23470.0
CĂLĂRAŞI,MUNICIPIUL OLTENIŢA,8736.0
CĂLĂRAŞI,NANA,964.0
CĂLĂRAŞI,NICOLAE BĂLCESCU,1045.0
CĂLĂRAŞI,ORAŞ BUDEŞTI,2959.0
CĂLĂRAŞI,ORAŞ FUNDULEA,3624.0
CĂLĂRAŞI,ORAŞ LEHLIU-GARĂ,2946.0
CĂLĂRAŞI,PERIŞORU,2487.0
CĂLĂRAŞI,PLĂTĂREŞTI,1440.0
CĂLĂRAŞI,RADOVANU,2230.0
CĂLĂRAŞI,ROSEŢI,2563.0
CĂLĂRAŞI,SĂRULEŞTI,1580.0
CĂLĂRAŞI,SOHATU,1449.0
CĂLĂRAŞI,ŞOLDANU,1503.0
CĂLĂRAŞI,SPANŢOV,2119.0
CĂLĂRAŞI,ŞTEFAN CEL MARE,1339.0
CĂLĂRAŞI,ŞTEFAN VODĂ,1143.0
CĂLĂRAŞI,TĂMĂDĂU MARE,1123.0
CĂLĂRAŞI,ULMENI,2112.0
CĂLĂRAŞI,ULMU,938.0
CĂLĂRAŞI,UNIREA,1575.0
CĂLĂRAŞI,VÂLCELELE,801.0
CĂLĂRAŞI,VALEA ARGOVEI,1139.0
CĂLĂRAŞI,VASILAŢI,2122.0
CĂLĂRAŞI,VLAD ŢEPEŞ,1046.0
CARAŞ-SEVERIN,ARMENIŞ,1562.0
CARAŞ-SEVERIN,BĂNIA,1073.0
CARAŞ-SEVERIN,BĂUŢAR,1481.0
CARAŞ-SEVERIN,BERLIŞTE,630.0
CARAŞ-SEVERIN,BERZASCA,1285.0
CARAŞ-SEVERIN,BERZOVIA,1772.0
CARAŞ-SEVERIN,BOLVAŞNIŢA,807.0
CARAŞ-SEVERIN,BOZOVICI,1309.0
CARAŞ-SEVERIN,BREBU,888.0
CARAŞ-SEVERIN,BREBU NOU,244.0
CARAŞ-SEVERIN,BUCHIN,951.0
CARAŞ-SEVERIN,BUCOŞNIŢA,1348.0
CARAŞ-SEVERIN,CARAŞOVA,1125.0
CARAŞ-SEVERIN,CĂRBUNARI,574.0
CARAŞ-SEVERIN,CICLOVA ROMÂNĂ,920.0
CARAŞ-SEVERIN,CIUCHICI,568.0
CARAŞ-SEVERIN,CIUDANOVIŢA,316.0
CARAŞ-SEVERIN,CONSTANTIN DAICOVICIU,1515.0
CARAŞ-SEVERIN,COPĂCELE,682.0
CARAŞ-SEVERIN,CORNEA,1007.0
CARAŞ-SEVERIN,CORNEREVA,1581.0
CARAŞ-SEVERIN,CORONINI,1044.0
CARAŞ-SEVERIN,DALBOŞEŢ,1011.0
CARAŞ-SEVERIN,DOCLIN,959.0
CARAŞ-SEVERIN,DOGNECEA,1363.0
CARAŞ-SEVERIN,DOMAŞNEA,855.0
CARAŞ-SEVERIN,EFTIMIE MURGU,859.0
CARAŞ-SEVERIN,EZERIŞ,588.0
CARAŞ-SEVERIN,FÂRLIUG,1219.0
CARAŞ-SEVERIN,FOROTIC,852.0
CARAŞ-SEVERIN,GÂRNIC,676.0
CARAŞ-SEVERIN,GLIMBOCA,853.0
CARAŞ-SEVERIN,GORUIA,480.0
CARAŞ-SEVERIN,GRĂDINARI,955.0
CARAŞ-SEVERIN,IABLANIŢA,1254.0
CARAŞ-SEVERIN,LĂPUŞNICEL,710.0
CARAŞ-SEVERIN,LĂPUŞNICU MARE,1286.0
CARAŞ-SEVERIN,LUNCAVIŢA,1226.0
CARAŞ-SEVERIN,LUPAC,973.0
CARAŞ-SEVERIN,MARGA,569.0
CARAŞ-SEVERIN,MĂURENI,1249.0
CARAŞ-SEVERIN,MEHADIA,1951.0
CARAŞ-SEVERIN,MEHADICA,427.0
CARAŞ-SEVERIN,MUNICIPIUL CARANSEBEŞ,8813.0
CARAŞ-SEVERIN,MUNICIPIUL REŞIŢA,18962.0
CARAŞ-SEVERIN,NAIDĂŞ,685.0
CARAŞ-SEVERIN,OBREJA,1627.0
CARAŞ-SEVERIN,OCNA DE FIER,400.0
CARAŞ-SEVERIN,ORAŞ ANINA,2815.0
CARAŞ-SEVERIN,ORAŞ BĂILE HERCULANE,2228.0
CARAŞ-SEVERIN,ORAŞ BOCŞA,5500.0
CARAŞ-SEVERIN,ORAŞ MOLDOVA NOUĂ,4706.0
CARAŞ-SEVERIN,ORAŞ ORAVIŢA,4374.0
CARAŞ-SEVERIN,ORAŞ OŢELU ROŞU,4056.0
CARAŞ-SEVERIN,PĂLTINIŞ,1613.0
CARAŞ-SEVERIN,POJEJENA,1413.0
CARAŞ-SEVERIN,PRIGOR,1432.0
CARAŞ-SEVERIN,RĂCĂŞDIA,811.0
CARAŞ-SEVERIN,RAMNA,869.0
CARAŞ-SEVERIN,RUSCA MONTANĂ,860.0
CARAŞ-SEVERIN,SACU,730.0
CARAŞ-SEVERIN,SASCA MONTANĂ,713.0
CARAŞ-SEVERIN,SICHEVIŢA,1352.0
CARAŞ-SEVERIN,SLATINA-TIMIŞ,1500.0
CARAŞ-SEVERIN,SOCOL,1026.0
CARAŞ-SEVERIN,ŞOPOTU NOU,672.0
CARAŞ-SEVERIN,TÂRNOVA,815.0
CARAŞ-SEVERIN,TEREGOVA,2236.0
CARAŞ-SEVERIN,TICVANIU MARE,889.0
CARAŞ-SEVERIN,TOPLEŢ,971.0
CARAŞ-SEVERIN,TURNU RUIENI,1849.0
CARAŞ-SEVERIN,VĂLIUG,554.0
CARAŞ-SEVERIN,VĂRĂDIA,565.0
CARAŞ-SEVERIN,VERMEŞ,974.0
CARAŞ-SEVERIN,VRANI,528.0
CARAŞ-SEVERIN,ZĂVOI,1915.0
CARAŞ-SEVERIN,ZORLENŢU MARE,1127.0
CLUJ,AGHIREŞU,2287.0
CLUJ,AITON,565.0
CLUJ,ALUNIŞ,651.0
CLUJ,APAHIDA,5509.0
CLUJ,AŞCHILEU,625.0
CLUJ,BACIU,4823.0
CLUJ,BĂIŞOARA,1068.0
CLUJ,BELIŞ,835.0
CLUJ,BOBÂLNA,766.0
CLUJ,BONŢIDA,2116.0
CLUJ,BORŞA,746.0
CLUJ,BUZA,542.0
CLUJ,CĂIANU,1152.0
CLUJ,CĂLĂRAŞI,1053.0
CLUJ,CĂLĂŢELE,1092.0
CLUJ,CĂMĂRAŞU,1100.0
CLUJ,CĂPUŞU MARE,1558.0
CLUJ,CĂŞEIU,2044.0
CLUJ,CÂŢCĂU,1370.0
CLUJ,CĂTINA,952.0
CLUJ,CEANU MARE,1660.0
CLUJ,CHINTENI,1943.0
CLUJ,CHIUIEŞTI,1142.0
CLUJ,CIUCEA,992.0
CLUJ,CIURILA,917.0
CLUJ,COJOCNA,1850.0
CLUJ,CORNEŞTI,747.0
CLUJ,CUZDRIOARA,1174.0
CLUJ,DĂBÂCA,720.0
CLUJ,FELEACU,1866.0
CLUJ,FIZEŞU GHERLII,1134.0
CLUJ,FLOREŞTI,13463.0
CLUJ,FRATA,1479.0
CLUJ,GÂRBĂU,1416.0
CLUJ,GEACA,879.0
CLUJ,GILĂU,3896.0
CLUJ,IARA,1964.0
CLUJ,ICLOD,1693.0
CLUJ,IZVORU CRIŞULUI,923.0
CLUJ,JICHIŞU DE JOS,725.0
CLUJ,JUCU,2323.0
CLUJ,LUNA,1773.0
CLUJ,MĂGURI-RĂCĂTĂU,967.0
CLUJ,MĂNĂSTIRENI,875.0
CLUJ,MĂRGĂU,1069.0
CLUJ,MĂRIŞEL,914.0
CLUJ,MICA,1666.0
CLUJ,MIHAI VITEAZU,2093.0
CLUJ,MINTIU GHERLII,1382.0
CLUJ,MOCIU,1698.0
CLUJ,MOLDOVENEŞTI,1479.0
CLUJ,MUNICIPIUL CÂMPIA TURZII,8236.0
CLUJ,MUNICIPIUL CLUJ-NAPOCA,97543.0
CLUJ,MUNICIPIUL DEJ,9855.0
CLUJ,MUNICIPIUL GHERLA,7199.0
CLUJ,MUNICIPIUL TURDA,15709.0
CLUJ,NEGRENI,1046.0
CLUJ,ORAŞ HUEDIN,3197.0
CLUJ,PĂLATCA,658.0
CLUJ,PANTICEU,1025.0
CLUJ,PETREŞTII DE JOS,912.0
CLUJ,PLOSCOŞ,354.0
CLUJ,POIENI,2194.0
CLUJ,RECEA-CRISTUR,752.0
CLUJ,RIŞCA,859.0
CLUJ,SĂCUIEU,829.0
CLUJ,SÂNCRAIU,942.0
CLUJ,SĂNDULEŞTI,1009.0
CLUJ,SÂNMĂRTIN,733.0
CLUJ,SÂNPAUL,1095.0
CLUJ,SĂVĂDISLA,2292.0
CLUJ,SIC,1116.0
CLUJ,SUATU,727.0
CLUJ,ŢAGA,755.0
CLUJ,TRITENII DE JOS,2106.0
CLUJ,TURENI,1018.0
CLUJ,UNGURAŞ,1254.0
CLUJ,VAD,1277.0
CLUJ,VALEA IERII,651.0
CLUJ,VIIŞOARA,1698.0
CLUJ,VULTURENI,777.0
CONSTANŢA,23 AUGUST,2173.0
CONSTANŢA,ADAMCLISI,1298.0
CONSTANŢA,AGIGEA,4166.0
CONSTANŢA,ALBEŞTI,1556.0
CONSTANŢA,ALIMAN,1214.0
CONSTANŢA,AMZACEA,1239.0
CONSTANŢA,BĂNEASA,2354.0
CONSTANŢA,BĂRĂGANU,803.0
CONSTANŢA,CASTELU,2115.0
CONSTANŢA,CERCHEZU,772.0
CONSTANŢA,CHIRNOGENI,1064.0
CONSTANŢA,CIOBANU,1572.0
CONSTANŢA,CIOCÂRLIA,1520.0
CONSTANŢA,COBADIN,3241.0
CONSTANŢA,COGEALAC,3120.0
CONSTANŢA,COMANA,944.0
CONSTANŢA,CORBU,2527.0
CONSTANŢA,COSTINEŞTI,1441.0
CONSTANŢA,CRUCEA,1195.0
CONSTANŢA,CUMPĂNA,6031.0
CONSTANŢA,CUZA VODĂ,1584.0
CONSTANŢA,DELENI,1183.0
CONSTANŢA,DOBROMIR,1499.0
CONSTANŢA,DUMBRĂVENI,363.0
CONSTANŢA,FÂNTÂNELE,922.0
CONSTANŢA,GÂRLICIU,900.0
CONSTANŢA,GHINDĂREŞTI,1006.0
CONSTANŢA,GRĂDINA,458.0
CONSTANŢA,HORIA,607.0
CONSTANŢA,INDEPENDENŢA,1415.0
CONSTANŢA,ION CORVIN,1046.0
CONSTANŢA,ISTRIA,1297.0
CONSTANŢA,LIMANU,3057.0
CONSTANŢA,LIPNIŢA,1131.0
CONSTANŢA,LUMINA,4282.0
CONSTANŢA,MERENI,1124.0
CONSTANŢA,MIHAIL KOGĂLNICEANU,4370.0
CONSTANŢA,MIHAI VITEAZU,1495.0
CONSTANŢA,MIRCEA VODĂ,2169.0
CONSTANŢA,MUNICIPIUL CONSTANŢA,95477.0
CONSTANŢA,MUNICIPIUL MANGALIA,16057.0
CONSTANŢA,MUNICIPIUL MEDGIDIA,13611.0
CONSTANŢA,NICOLAE BĂLCESCU,2748.0
CONSTANŢA,OLTINA,1200.0
CONSTANŢA,ORAŞ CERNAVODĂ,6653.0
CONSTANŢA,ORAŞ EFORIE,4758.0
CONSTANŢA,ORAŞ HÂRŞOVA,4353.0
CONSTANŢA,ORAŞ MURFATLAR,4839.0
CONSTANŢA,ORAŞ NĂVODARI,14345.0
CONSTANŢA,ORAŞ NEGRU VODĂ,2101.0
CONSTANŢA,ORAŞ OVIDIU,6041.0
CONSTANŢA,ORAŞ TECHIRGHIOL,3981.0
CONSTANŢA,OSTROV,1825.0
CONSTANŢA,PANTELIMON,907.0
CONSTANŢA,PECINEAGA,1474.0
CONSTANŢA,PEŞTERA,1328.0
CONSTANŢA,POARTA ALBĂ,2540.0
CONSTANŢA,RASOVA,1462.0
CONSTANŢA,SĂCELE,1281.0
CONSTANŢA,SALIGNY,943.0
CONSTANŢA,SARAIU,705.0
CONSTANŢA,SEIMENI,1044.0
CONSTANŢA,SILIŞTEA,828.0
CONSTANŢA,TÂRGUŞOR,825.0
CONSTANŢA,TOPALU,932.0
CONSTANŢA,TOPRAISAR,2370.0
CONSTANŢA,TORTOMAN,802.0
CONSTANŢA,TUZLA,3352.0
CONSTANŢA,VALU LUI TRAIAN,6491.0
CONSTANŢA,VULTURU,362.0
COVASNA,AITA MARE,780.0
COVASNA,ARCUŞ,676.0
COVASNA,BARCANI,1595.0
COVASNA,BĂŢANI,1483.0
COVASNA,BELIN,971.0
COVASNA,BIXAD,404.0
COVASNA,BODOC,1009.0
COVASNA,BOROŞNEU MARE,1352.0
COVASNA,BRĂDUŢ,1332.0
COVASNA,BRATEŞ,488.0
COVASNA,BREŢCU,1096.0
COVASNA,CATALINA,1244.0
COVASNA,CERNAT,1432.0
COVASNA,CHICHIŞ,622.0
COVASNA,COMANDĂU,365.0
COVASNA,DALNIC,413.0
COVASNA,DOBÂRLĂU,1013.0
COVASNA,ESTELNIC,625.0
COVASNA,GHELINŢA,2112.0
COVASNA,GHIDFALĂU,1098.0
COVASNA,HĂGHIG,889.0
COVASNA,ILIENI,928.0
COVASNA,LEMNIA,692.0
COVASNA,MALNAŞ,429.0
COVASNA,MERENI,590.0
COVASNA,MICFALĂU,438.0
COVASNA,MOACŞA,371.0
COVASNA,MUNICIPIUL SFÂNTU GHEORGHE,13849.0
COVASNA,MUNICIPIUL TÂRGU SECUIESC,4744.0
COVASNA,OJDULA,1401.0
COVASNA,ORAŞ BARAOLT,3135.0
COVASNA,ORAŞ COVASNA,3269.0
COVASNA,ORAŞ ÎNTORSURA BUZĂULUI,3450.0
COVASNA,OZUN,1666.0
COVASNA,POIAN,781.0
COVASNA,RECI,711.0
COVASNA,SÂNZIENI,1012.0
COVASNA,SITA BUZĂULUI,1734.0
COVASNA,TURIA,1196.0
COVASNA,VÂLCELE,1641.0
COVASNA,VALEA CRIŞULUI,1182.0
COVASNA,VALEA MARE,573.0
COVASNA,VÂRGHIŞ,771.0
COVASNA,ZĂBALA,1065.0
COVASNA,ZAGON,2382.0
DÂMBOVIŢA,ANINOASA,2926.0
DÂMBOVIŢA,BĂLENI,3851.0
DÂMBOVIŢA,BĂRBULEŢU,965.0
DÂMBOVIŢA,BEZDEAD,1764.0
DÂMBOVIŢA,BILCIUREŞTI,1122.0
DÂMBOVIŢA,BRĂNEŞTI,1817.0
DÂMBOVIŢA,BRANIŞTEA,1645.0
DÂMBOVIŢA,BREZOAELE,1945.0
DÂMBOVIŢA,BUCIUMENI,1738.0
DÂMBOVIŢA,BUCŞANI,3216.0
DÂMBOVIŢA,BUTIMANU,1476.0
DÂMBOVIŢA,CÂNDEŞTI,1559.0
DÂMBOVIŢA,CIOCĂNEŞTI,2681.0
DÂMBOVIŢA,COBIA,1711.0
DÂMBOVIŢA,COJASCA,4228.0
DÂMBOVIŢA,COMIŞANI,2510.0
DÂMBOVIŢA,CONŢEŞTI,1797.0
DÂMBOVIŢA,CORBII MARI,3693.0
DÂMBOVIŢA,CORNĂŢELU,949.0
DÂMBOVIŢA,CORNEŞTI,3136.0
DÂMBOVIŢA,COSTEŞTII DIN VALE,1431.0
DÂMBOVIŢA,CRÂNGURILE,1733.0
DÂMBOVIŢA,CREVEDIA,3353.0
DÂMBOVIŢA,DĂRMĂNEŞTI,2246.0
DÂMBOVIŢA,DOBRA,1900.0
DÂMBOVIŢA,DOICEŞTI,1904.0
DÂMBOVIŢA,DRAGODANA,3181.0
DÂMBOVIŢA,DRAGOMIREŞTI,3833.0
DÂMBOVIŢA,FINTA,2000.0
DÂMBOVIŢA,GLODENI,1556.0
DÂMBOVIŢA,GURA FOII,1388.0
DÂMBOVIŢA,GURA OCNIŢEI,2996.0
DÂMBOVIŢA,GURA ŞUŢII,2390.0
DÂMBOVIŢA,HULUBEŞTI,1500.0
DÂMBOVIŢA,IEDERA,1659.0
DÂMBOVIŢA,I. L. CARAGIALE,2717.0
DÂMBOVIŢA,LUCIENI,1493.0
DÂMBOVIŢA,LUDEŞTI,2036.0
DÂMBOVIŢA,LUNGULEŢU,2711.0
DÂMBOVIŢA,MALU CU FLORI,1315.0
DÂMBOVIŢA,MĂNEŞTI,2114.0
DÂMBOVIŢA,MĂTĂSARU,2119.0
DÂMBOVIŢA,MOGOŞANI,2494.0
DÂMBOVIŢA,MOROENI,2679.0
DÂMBOVIŢA,MORTENI,1499.0
DÂMBOVIŢA,MOŢĂIENI,1014.0
DÂMBOVIŢA,MUNICIPIUL MORENI,7042.0
DÂMBOVIŢA,MUNICIPIUL TÂRGOVIŞTE,25710.0
DÂMBOVIŢA,NICULEŞTI,1760.0
DÂMBOVIŢA,NUCET,1961.0
DÂMBOVIŢA,OCNIŢA,1977.0
DÂMBOVIŢA,ODOBEŞTI,2424.0
DÂMBOVIŢA,ORAŞ FIENI,2698.0
DÂMBOVIŢA,ORAŞ GĂEŞTI,5729.0
DÂMBOVIŢA,ORAŞ PUCIOASA,5349.0
DÂMBOVIŢA,ORAŞ RĂCARI,2960.0
DÂMBOVIŢA,ORAŞ TITU,4046.0
DÂMBOVIŢA,PERŞINARI,1105.0
DÂMBOVIŢA,PETREŞTI,2425.0
DÂMBOVIŢA,PIETRARI,1290.0
DÂMBOVIŢA,PIETROŞIŢA,1381.0
DÂMBOVIŢA,POIANA,1716.0
DÂMBOVIŢA,POTLOGI,2683.0
DÂMBOVIŢA,PRODULEŞTI,1583.0
DÂMBOVIŢA,PUCHENI,1011.0
DÂMBOVIŢA,RACIU,1530.0
DÂMBOVIŢA,RĂSCĂEŢI,1311.0
DÂMBOVIŢA,RÂU ALB,754.0
DÂMBOVIŢA,RĂZVAD,3797.0
DÂMBOVIŢA,RUNCU,1612.0
DÂMBOVIŢA,SĂLCIOARA,1644.0
DÂMBOVIŢA,ŞELARU,1713.0
DÂMBOVIŢA,SLOBOZIA MOARĂ,1285.0
DÂMBOVIŢA,ŞOTÂNGA,2645.0
DÂMBOVIŢA,TĂRTĂŞEŞTI,2403.0
DÂMBOVIŢA,TĂTĂRANI,2313.0
DÂMBOVIŢA,ULIEŞTI,2139.0
DÂMBOVIŢA,ULMI,2042.0
DÂMBOVIŢA,VĂCĂREŞTI,2060.0
DÂMBOVIŢA,VALEA LUNGĂ,1966.0
DÂMBOVIŢA,VALEA MARE,1210.0
DÂMBOVIŢA,VĂLENI-DÂMBOVIŢA,1296.0
DÂMBOVIŢA,VÂRFURI,829.0
DÂMBOVIŢA,VIŞINA,2117.0
DÂMBOVIŢA,VIŞINEŞTI,928.0
DÂMBOVIŢA,VLĂDENI,1276.0
DÂMBOVIŢA,VOINEŞTI,2832.0
DÂMBOVIŢA,VULCANA-BĂI,1229.0
DÂMBOVIŢA,VULCANA-PANDELE,1665.0
DOLJ,AFUMAŢI,1231.0
DOLJ,ALMĂJ,1050.0
DOLJ,AMĂRĂŞTII DE JOS,2903.0
DOLJ,AMĂRĂŞTII DE SUS,1020.0
DOLJ,APELE VII,1273.0
DOLJ,ARGETOAIA,2383.0
DOLJ,BÂRCA,1843.0
DOLJ,BISTREŢ,1692.0
DOLJ,BOTOŞEŞTI-PAIA,571.0
DOLJ,BRABOVA,777.0
DOLJ,BRĂDEŞTI,2038.0
DOLJ,BRALOŞTIŢA,1890.0
DOLJ,BRATOVOEŞTI,1612.0
DOLJ,BREASTA,2040.0
DOLJ,BUCOVĂŢ,2068.0
DOLJ,BULZEŞTI,655.0
DOLJ,CĂLĂRAŞI,2987.0
DOLJ,CALOPĂR,1874.0
DOLJ,CARAULA,1100.0
DOLJ,CÂRCEA,1643.0
DOLJ,CÂRNA,800.0
DOLJ,CARPEN,1197.0
DOLJ,CASTRANOVA,1826.0
DOLJ,CATANE,755.0
DOLJ,CELARU,2295.0
DOLJ,CERĂT,1372.0
DOLJ,CERNĂTEŞTI,882.0
DOLJ,CETATE,2221.0
DOLJ,CIOROIAŞI,914.0
DOLJ,CIUPERCENII NOI,2642.0
DOLJ,COŞOVENI,1889.0
DOLJ,COŢOFENII DIN DOS,1244.0
DOLJ,COŢOFENII DIN FAŢĂ,905.0
DOLJ,DANEŢI,2760.0
DOLJ,DESA,2261.0
DOLJ,DIOŞTI,1356.0
DOLJ,DOBREŞTI,1164.0
DOLJ,DOBROTEŞTI,964.0
DOLJ,DRĂGOTEŞTI,1228.0
DOLJ,DRĂNIC,1379.0
DOLJ,FĂRCAŞ,1082.0
DOLJ,GALICEA MARE,1654.0
DOLJ,GALICIUICA,820.0
DOLJ,GÂNGIOVA,1098.0
DOLJ,GHERCEŞTI,1361.0
DOLJ,GHIDICI,930.0
DOLJ,GHINDENI,1135.0
DOLJ,GIGHERA,1411.0
DOLJ,GIUBEGA,1133.0
DOLJ,GIURGIŢA,1359.0
DOLJ,GOGOŞU,466.0
DOLJ,GOICEA,1157.0
DOLJ,GOIEŞTI,1583.0
DOLJ,GRECEŞTI,903.0
DOLJ,ÎNTORSURA,912.0
DOLJ,IŞALNIŢA,2351.0
DOLJ,IZVOARE,897.0
DOLJ,LEU,2097.0
DOLJ,LIPOVU,1167.0
DOLJ,MĂCEŞU DE JOS,800.0
DOLJ,MĂCEŞU DE SUS,608.0
DOLJ,MAGLAVIT,2081.0
DOLJ,MALU MARE,2987.0
DOLJ,MÂRŞANI,2283.0
DOLJ,MELINEŞTI,2028.0
DOLJ,MISCHII,1182.0
DOLJ,MOŢĂŢEI,3033.0
DOLJ,MUNICIPIUL BĂILEŞTI,5372.0
DOLJ,MUNICIPIUL CALAFAT,6561.0
DOLJ,MUNICIPIUL CRAIOVA,86736.0
DOLJ,MURGAŞI,1490.0
DOLJ,NEGOI,801.0
DOLJ,ORAŞ BECHET,1591.0
DOLJ,ORAŞ DĂBULENI,5557.0
DOLJ,ORAŞ FILIAŞI,7265.0
DOLJ,ORAŞ ŞEGARCEA,3354.0
DOLJ,ORODEL,1302.0
DOLJ,OSTROVENI,2081.0
DOLJ,PERIŞOR,1066.0
DOLJ,PIELEŞTI,2105.0
DOLJ,PISCU VECHI,1349.0
DOLJ,PLENIŢA,2130.0
DOLJ,PLEŞOI,954.0
DOLJ,PODARI,3009.0
DOLJ,POIANA MARE,4250.0
DOLJ,PREDEŞTI,1107.0
DOLJ,RADOVAN,736.0
DOLJ,RAST,1611.0
DOLJ,ROBĂNEŞTI,1273.0
DOLJ,ROJIŞTE,1413.0
DOLJ,SADOVA,3127.0
DOLJ,SĂLCUŢA,740.0
DOLJ,SCĂEŞTI,1065.0
DOLJ,SEACA DE CÂMP,1243.0
DOLJ,SEACA DE PĂDURE,537.0
DOLJ,SECU,746.0
DOLJ,SILIŞTEA CRUCII,800.0
DOLJ,ŞIMNICU DE SUS,2308.0
DOLJ,SOPOT,907.0
DOLJ,TĂLPAŞ,593.0
DOLJ,TEASC,1662.0
DOLJ,TERPEZIŢA,1138.0
DOLJ,TESLUI,1099.0
DOLJ,ŢUGLUI,1530.0
DOLJ,UNIREA,2164.0
DOLJ,URZICUŢA,1299.0
DOLJ,VALEA STANCIULUI,2461.0
DOLJ,VÂRTOP,708.0
DOLJ,VÂRVORU DE JOS,1124.0
DOLJ,VELA,1065.0
DOLJ,VERBIŢA,585.0
GALAŢI,BĂLĂBĂNEŞTI,832.0
GALAŢI,BĂLĂŞEŞTI,933.0
GALAŢI,BĂLENI,1009.0
GALAŢI,BĂNEASA,982.0
GALAŢI,BARCEA,2111.0
GALAŢI,BEREŞTI-MERIA,1335.0
GALAŢI,BRĂHĂŞEŞTI,2248.0
GALAŢI,BRANIŞTEA,1862.0
GALAŢI,BUCIUMENI,990.0
GALAŢI,CAVADINEŞTI,1361.0
GALAŢI,CERŢEŞTI,1182.0
GALAŢI,CORNI,1079.0
GALAŢI,COROD,2711.0
GALAŢI,COSMEŞTI,2217.0
GALAŢI,COSTACHE NEGRI,1235.0
GALAŢI,CUCA,1079.0
GALAŢI,CUDALBI,2902.0
GALAŢI,CUZA VODĂ,1064.0
GALAŢI,DRĂGĂNEŞTI,2256.0
GALAŢI,DRĂGUŞENI,1808.0
GALAŢI,FÂRŢĂNEŞTI,1601.0
GALAŢI,FOLTEŞTI,1331.0
GALAŢI,FRUMUŞIŢA,2124.0
GALAŢI,FUNDENI,1520.0
GALAŢI,GHIDIGENI,2733.0
GALAŢI,GOHOR,1780.0
GALAŢI,GRIVIŢA,1516.0
GALAŢI,INDEPENDENŢA,1964.0
GALAŢI,IVEŞTI,3558.0
GALAŢI,JORĂŞTI,769.0
GALAŢI,LIEŞTI,3305.0
GALAŢI,MĂSTĂCANI,1607.0
GALAŢI,MATCA,5085.0
GALAŢI,MOVILENI,1078.0
GALAŢI,MUNICIPIUL GALAŢI,79724.0
GALAŢI,MUNICIPIUL TECUCI,13967.0
GALAŢI,MUNTENI,3166.0
GALAŢI,NĂMOLOASA,898.0
GALAŢI,NEGRILEŞTI,1370.0
GALAŢI,NICOREŞTI,1451.0
GALAŢI,OANCEA,744.0
GALAŢI,ORAŞ BEREŞTI,1493.0
GALAŢI,ORAŞ TÂRGU BUJOR,2753.0
GALAŢI,PECHEA,3726.0
GALAŢI,PISCU,1735.0
GALAŢI,POIANA,973.0
GALAŢI,PRIPONEŞTI,965.0
GALAŢI,RĂDEŞTI,670.0
GALAŢI,REDIU,959.0
GALAŢI,SCÂNTEIEŞTI,1070.0
GALAŢI,SCHELA,1799.0
GALAŢI,ŞENDRENI,2126.0
GALAŢI,SLOBOZIA CONACHI,1657.0
GALAŢI,SMÂRDAN,2283.0
GALAŢI,SMULŢI,647.0
GALAŢI,SUCEVENI,801.0
GALAŢI,SUHURLUI,542.0
GALAŢI,ŢEPU,1234.0
GALAŢI,TUDOR VLADIMIRESCU,2072.0
GALAŢI,TULUCEŞTI,2568.0
GALAŢI,UMBRĂREŞTI,2672.0
GALAŢI,VALEA MĂRULUI,1501.0
GALAŢI,VÂNĂTORI,2713.0
GALAŢI,VÂRLEZI,973.0
GALAŢI,VLĂDEŞTI,914.0
GIURGIU,ADUNAŢII-COPĂCENI,3172.0
GIURGIU,BĂNEASA,2385.0
GIURGIU,BOLINTIN-DEAL,2134.0
GIURGIU,BUCŞANI,2129.0
GIURGIU,BULBUCATA,1124.0
GIURGIU,BUTURUGENI,2424.0
GIURGIU,CĂLUGĂRENI,2637.0
GIURGIU,CLEJANI,1636.0
GIURGIU,COLIBAŞI,1897.0
GIURGIU,COMANA,3454.0
GIURGIU,COSOBA,1124.0
GIURGIU,CREVEDIA MARE,2131.0
GIURGIU,DAIA,1453.0
GIURGIU,FLOREŞTI-STOENEŞTI,4125.0
GIURGIU,FRĂTEŞTI,2738.0
GIURGIU,GĂISENI,2239.0
GIURGIU,GĂUJANI,1354.0
GIURGIU,GHIMPAŢI,3205.0
GIURGIU,GOGOŞARI,928.0
GIURGIU,GOSTINARI,1466.0
GIURGIU,GOSTINU,855.0
GIURGIU,GRĂDINARI,1695.0
GIURGIU,GREACA,1262.0
GIURGIU,HERĂŞTI,1227.0
GIURGIU,HOTARELE,2020.0
GIURGIU,IEPUREŞTI,1440.0
GIURGIU,ISVOARELE,885.0
GIURGIU,IZVOARELE,2467.0
GIURGIU,JOIŢA,1549.0
GIURGIU,LETCA NOUĂ,1908.0
GIURGIU,MALU,1149.0
GIURGIU,MÂRŞA,1363.0
GIURGIU,MIHAI BRAVU,1420.0
GIURGIU,MUNICIPIUL GIURGIU,19267.0
GIURGIU,OGREZENI,2425.0
GIURGIU,OINACU,1981.0
GIURGIU,ORAŞ BOLINTIN-VALE,4542.0
GIURGIU,ORAŞ MIHĂILEŞTI,3970.0
GIURGIU,PRUNDU,1726.0
GIURGIU,PUTINEIU,1426.0
GIURGIU,RĂSUCENI,1002.0
GIURGIU,ROATA DE JOS,4446.0
GIURGIU,SĂBĂRENI,1605.0
GIURGIU,SCHITU,905.0
GIURGIU,SINGURENI,1827.0
GIURGIU,SLOBOZIA,998.0
GIURGIU,STĂNEŞTI,1550.0
GIURGIU,STOENEŞTI,1251.0
GIURGIU,TOPORU,1067.0
GIURGIU,ULMI,3152.0
GIURGIU,VALEA DRAGULUI,1765.0
GIURGIU,VÂNĂTORII MICI,2298.0
GIURGIU,VĂRĂŞTI,2855.0
GIURGIU,VEDEA,1493.0
GORJ,ALBENI,1386.0
GORJ,ALIMPEŞTI,900.0
GORJ,ANINOASA,1981.0
GORJ,ARCANI,868.0
GORJ,BAIA DE FIER,1950.0
GORJ,BĂLĂNEŞTI,1227.0
GORJ,BĂLEŞTI,3707.0
GORJ,BÂLTENI,3091.0
GORJ,BĂRBĂTEŞTI,775.0
GORJ,BENGEŞTI-CIOCADIA,1429.0
GORJ,BERLEŞTI,1263.0
GORJ,BOLBOŞI,1416.0
GORJ,BORĂSCU,1359.0
GORJ,BRĂNEŞTI,1259.0
GORJ,BUMBEŞTI-PIŢIC,1295.0
GORJ,BUSTUCHIN,1874.0
GORJ,CÂLNIC,1303.0
GORJ,CĂPRENI,782.0
GORJ,CĂTUNELE,1403.0
GORJ,CIUPERCENI,944.0
GORJ,CRASNA,2403.0
GORJ,CRUŞEŢ,1438.0
GORJ,DĂNCIULEŞTI,1215.0
GORJ,DĂNEŞTI,2183.0
GORJ,DRĂGOTEŞTI,1088.0
GORJ,DRĂGUŢEŞTI,2975.0
GORJ,FĂRCĂŞEŞTI,1917.0
GORJ,GLOGOVA,1112.0
GORJ,GODINEŞTI,1021.0
GORJ,HUREZANI,866.0
GORJ,IONEŞTI,1308.0
GORJ,JUPÂNEŞTI,886.0
GORJ,LELEŞTI,962.0
GORJ,LICURICI,1156.0
GORJ,LOGREŞTI,1285.0
GORJ,MĂTĂSARI,2103.0
GORJ,MUNICIPIUL MOTRU,7433.0
GORJ,MUNICIPIUL TÂRGU JIU,26666.0
GORJ,MUŞETEŞTI,1210.0
GORJ,NEGOMIR,2056.0
GORJ,ORAŞ BUMBEŞTI-JIU,3198.0
GORJ,ORAŞ NOVACI,2716.0
GORJ,ORAŞ ROVINARI,4446.0
GORJ,ORAŞ TÂRGU CĂRBUNEŞTI,3507.0
GORJ,ORAŞ ŢICLENI,2298.0
GORJ,ORAŞ TISMANA,3328.0
GORJ,ORAŞ TURCENI,3560.0
GORJ,PADEŞ,2505.0
GORJ,PEŞTIŞANI,2172.0
GORJ,PLOPŞORU,3139.0
GORJ,POLOVRAGI,1319.0
GORJ,PRIGORIA,1442.0
GORJ,ROŞIA DE AMARADIA,1533.0
GORJ,RUNCU,2826.0
GORJ,SĂCELU,1013.0
GORJ,SAMARINEŞTI,1065.0
GORJ,SĂULEŞTI,1168.0
GORJ,SCHELA,967.0
GORJ,SCOARŢA,2204.0
GORJ,SLIVILEŞTI,1474.0
GORJ,STĂNEŞTI,1201.0
GORJ,STEJARI,1258.0
GORJ,STOINA,1201.0
GORJ,ŢÂNŢĂRENI,2499.0
GORJ,TELEŞTI,1498.0
GORJ,TURBUREA,2015.0
GORJ,TURCINEŞTI,1221.0
GORJ,URDARI,1841.0
GORJ,VĂGIULEŞTI,1288.0
GORJ,VLADIMIR,1549.0
HARGHITA,ATID,752.0
HARGHITA,AVRĂMEŞTI,672.0
HARGHITA,BILBOR,1352.0
HARGHITA,BRĂDEŞTI,626.0
HARGHITA,CĂPÂLNIŢA,1025.0
HARGHITA,CÂRŢA,1126.0
HARGHITA,CICEU,1333.0
HARGHITA,CIUCSÂNGEORGIU,2012.0
HARGHITA,CIUMANI,1553.0
HARGHITA,CORBU,630.0
HARGHITA,CORUND,1837.0
HARGHITA,COZMENI,592.0
HARGHITA,DĂNEŞTI,766.0
HARGHITA,DÂRJIU,261.0
HARGHITA,DEALU,1153.0
HARGHITA,DITRĂU,1266.0
HARGHITA,FELICENI,1525.0
HARGHITA,FRUMOASA,1082.0
HARGHITA,GĂLĂUŢAŞ,761.0
HARGHITA,JOSENI,1499.0
HARGHITA,LĂZAREA,1285.0
HARGHITA,LELICENI,746.0
HARGHITA,LUETA,1348.0
HARGHITA,LUNCA DE JOS,1531.0
HARGHITA,LUNCA DE SUS,1427.0
HARGHITA,LUPENI,2193.0
HARGHITA,MĂDĂRAŞ,1122.0
HARGHITA,MĂRTINIŞ,1409.0
HARGHITA,MEREŞTI,442.0
HARGHITA,MIHĂILENI,1070.0
HARGHITA,MUGENI,1814.0
HARGHITA,MUNICIPIUL GHEORGHENI,5379.0
HARGHITA,MUNICIPIUL MIERCUREA-CIUC,10885.0
HARGHITA,MUNICIPIUL ODORHEIU SECUIESC,12434.0
HARGHITA,MUNICIPIUL TOPLIŢA,4596.0
HARGHITA,OCLAND,433.0
HARGHITA,ORAŞ BĂILE TUŞNAD,783.0
HARGHITA,ORAŞ BĂLAN,1924.0
HARGHITA,ORAŞ BORSEC,1062.0
HARGHITA,ORAŞ CRISTURU SECUIESC,4531.0
HARGHITA,ORAŞ VLĂHIŢA,2850.0
HARGHITA,PĂULENI-CIUC,929.0
HARGHITA,PLĂIEŞII DE JOS,711.0
HARGHITA,PORUMBENI,641.0
HARGHITA,PRAID,2623.0
HARGHITA,RACU,553.0
HARGHITA,REMETEA,2621.0
HARGHITA,SĂCEL,363.0
HARGHITA,SÂNCRĂIENI,638.0
HARGHITA,SÂNDOMINIC,1717.0
HARGHITA,SÂNMARTIN,605.0
HARGHITA,SÂNSIMION,1278.0
HARGHITA,SÂNTIMBRU,677.0
HARGHITA,SĂRMAŞ,1627.0
HARGHITA,SATU MARE,582.0
HARGHITA,SECUIENI,990.0
HARGHITA,SICULENI,917.0
HARGHITA,ŞIMONEŞTI,1561.0
HARGHITA,SUBCETATE,683.0
HARGHITA,SUSENI,1439.0
HARGHITA,TOMEŞTI,671.0
HARGHITA,TULGHEŞ,1056.0
HARGHITA,TUŞNAD,727.0
HARGHITA,ULIEŞ,444.0
HARGHITA,VĂRŞAG,562.0
HARGHITA,VOŞLĂBENI,929.0
HARGHITA,ZETEA,1215.0
HUNEDOARA,BĂCIA,984.0
HUNEDOARA,BAIA DE CRIŞ,1326.0
HUNEDOARA,BĂIŢA,1876.0
HUNEDOARA,BALŞA,650.0
HUNEDOARA,BĂNIŢA,740.0
HUNEDOARA,BARU,1500.0
HUNEDOARA,BĂTRÂNA,143.0
HUNEDOARA,BERIU,1522.0
HUNEDOARA,BLĂJENI,727.0
HUNEDOARA,BOŞOROD,1164.0
HUNEDOARA,BRĂNIŞCA,835.0
HUNEDOARA,BRETEA ROMÂNĂ,1824.0
HUNEDOARA,BUCEŞ,969.0
HUNEDOARA,BUCUREŞCI,1099.0
HUNEDOARA,BULZEŞTII DE SUS,313.0
HUNEDOARA,BUNILA,304.0
HUNEDOARA,BURJUC,553.0
HUNEDOARA,CÂRJIŢI,506.0
HUNEDOARA,CERBĂL,379.0
HUNEDOARA,CERTEJU DE SUS,1631.0
HUNEDOARA,CRIŞCIOR,1726.0
HUNEDOARA,DENSUŞ,990.0
HUNEDOARA,DOBRA,1761.0
HUNEDOARA,GENERAL BERTHELOT,558.0
HUNEDOARA,GHELARI,993.0
HUNEDOARA,GURASADA,668.0
HUNEDOARA,HĂRĂU,1022.0
HUNEDOARA,ILIA,2031.0
HUNEDOARA,LĂPUGIU DE JOS,1017.0
HUNEDOARA,LELESE,212.0
HUNEDOARA,LUNCA CERNII DE JOS,480.0
HUNEDOARA,LUNCOIU DE JOS,1028.0
HUNEDOARA,MĂRTINEŞTI,803.0
HUNEDOARA,MUNICIPIUL BRAD,5271.0
HUNEDOARA,MUNICIPIUL DEVA,20438.0
HUNEDOARA,MUNICIPIUL HUNEDOARA,20741.0
HUNEDOARA,MUNICIPIUL LUPENI,7428.0
HUNEDOARA,MUNICIPIUL ORĂŞTIE,6406.0
HUNEDOARA,MUNICIPIUL PETROŞANI,11242.0
HUNEDOARA,MUNICIPIUL VULCAN,8089.0
HUNEDOARA,ORAŞ ANINOASA,1590.0
HUNEDOARA,ORAŞ CĂLAN,4769.0
HUNEDOARA,ORAŞ GEOAGIU,2862.0
HUNEDOARA,ORAŞ HAŢEG,4823.0
HUNEDOARA,ORAŞ PETRILA,8415.0
HUNEDOARA,ORAŞ SIMERIA,4440.0
HUNEDOARA,ORĂŞTIOARA DE SUS,1329.0
HUNEDOARA,ORAŞ URICANI,3056.0
HUNEDOARA,PESTIŞU MIC,785.0
HUNEDOARA,PUI,2355.0
HUNEDOARA,RĂCHITOVA,891.0
HUNEDOARA,RAPOLTU MARE,968.0
HUNEDOARA,RÂU DE MORI,1935.0
HUNEDOARA,RIBIŢA,1011.0
HUNEDOARA,ROMOS,1227.0
HUNEDOARA,SĂLAŞU DE SUS,1525.0
HUNEDOARA,SÂNTĂMĂRIA-ORLEA,1712.0
HUNEDOARA,SARMIZEGETUSA,794.0
HUNEDOARA,ŞOIMUŞ,1993.0
HUNEDOARA,TELIUCU INFERIOR,1176.0
HUNEDOARA,TOMEŞTI,622.0
HUNEDOARA,TOPLIŢA,526.0
HUNEDOARA,TOTEŞTI,1089.0
HUNEDOARA,TURDAŞ,1007.0
HUNEDOARA,VĂLIŞOARA,735.0
HUNEDOARA,VAŢA DE JOS,2080.0
HUNEDOARA,VEŢEL,1336.0
HUNEDOARA,VORŢA,509.0
HUNEDOARA,ZAM,821.0
IALOMIŢA,ADÂNCATA,1307.0
IALOMIŢA,ALBEŞTI,668.0
IALOMIŢA,ALEXENI,1257.0
IALOMIŢA,ANDRĂŞEŞTI,962.0
IALOMIŢA,ARMĂŞEŞTI,839.0
IALOMIŢA,AXINTELE,835.0
IALOMIŢA,BALACIU,667.0
IALOMIŢA,BĂRBULEŞTI,1564.0
IALOMIŢA,BĂRCĂNEŞTI,1394.0
IALOMIŢA,BORĂNEŞTI,1352.0
IALOMIŢA,BORDUŞANI,1745.0
IALOMIŢA,BUCU,877.0
IALOMIŢA,BUEŞTI,526.0
IALOMIŢA,CIOCÂRLIA,416.0
IALOMIŢA,CIOCHINA,1625.0
IALOMIŢA,CIULNIŢA,1048.0
IALOMIŢA,COCORA,1113.0
IALOMIŢA,COLELIA,575.0
IALOMIŢA,COSÂMBEŞTI,942.0
IALOMIŢA,COŞERENI,2048.0
IALOMIŢA,DRĂGOEŞTI,681.0
IALOMIŢA,DRIDU,1539.0
IALOMIŢA,FĂCĂENI,2200.0
IALOMIŢA,GÂRBOVI,1393.0
IALOMIŢA,GHEORGHE DOJA,1387.0
IALOMIŢA,GHEORGHE LAZĂR,1196.0
IALOMIŢA,GIURGENI,725.0
IALOMIŢA,GRINDU,868.0
IALOMIŢA,GRIVIŢA,1441.0
IALOMIŢA,GURA IALOMIŢEI,1257.0
IALOMIŢA,ION ROATĂ,1781.0
IALOMIŢA,JILAVELE,1362.0
IALOMIŢA,MAIA,1071.0
IALOMIŢA,MANASIA,1870.0
IALOMIŢA,MĂRCULEŞTI,817.0
IALOMIŢA,MIHAIL KOGĂLNICEANU,1608.0
IALOMIŢA,MILOŞEŞTI,1219.0
IALOMIŢA,MOLDOVENI,514.0
IALOMIŢA,MOVILA,781.0
IALOMIŢA,MOVILIŢA,1083.0
IALOMIŢA,MUNICIPIUL FETEŞTI,9407.0
IALOMIŢA,MUNICIPIUL SLOBOZIA,15763.0
IALOMIŢA,MUNICIPIUL URZICENI,4902.0
IALOMIŢA,MUNTENI-BUZĂU,1487.0
IALOMIŢA,OGRADA,1334.0
IALOMIŢA,ORAŞ AMARA,2998.0
IALOMIŢA,ORAŞ CĂZĂNEŞTI,1441.0
IALOMIŢA,ORAŞ FIERBINŢI-TÂRG,2779.0
IALOMIŢA,ORAŞ ŢĂNDĂREI,3827.0
IALOMIŢA,PERIEŢI,1719.0
IALOMIŢA,PLATONEŞTI,920.0
IALOMIŢA,RĂDULEŞTI,660.0
IALOMIŢA,REVIGA,1191.0
IALOMIŢA,ROŞIORI,1097.0
IALOMIŢA,SĂLCIOARA,1329.0
IALOMIŢA,SĂRĂŢENI,676.0
IALOMIŢA,SĂVENI,1298.0
IALOMIŢA,SCÂNTEIA,1438.0
IALOMIŢA,SFÂNTU GHEORGHE,847.0
IALOMIŢA,SINEŞTI,1607.0
IALOMIŢA,STELNICA,859.0
IALOMIŢA,SUDIŢI,1166.0
IALOMIŢA,TRAIAN,1582.0
IALOMIŢA,VALEA CIORII,1009.0
IALOMIŢA,VALEA MĂCRIŞULUI,904.0
IALOMIŢA,VLĂDENI,1102.0
IAŞI,ALEXANDRU I. CUZA,1170.0
IAŞI,ANDRIEŞENI,1511.0
IAŞI,ARONEANU,1862.0
IAŞI,BALŞ,1454.0
IAŞI,BĂLŢAŢI,2466.0
IAŞI,BÂRNOVA,2732.0
IAŞI,BELCEŞTI,3307.0
IAŞI,BIVOLARI,1119.0
IAŞI,BRĂEŞTI,1333.0
IAŞI,BUTEA,1290.0
IAŞI,CEPLENIŢA,1443.0
IAŞI,CIOHORĂNI,700.0
IAŞI,CIORTEŞTI,1578.0
IAŞI,CIUREA,5180.0
IAŞI,COARNELE CAPREI,1454.0
IAŞI,COMARNA,1852.0
IAŞI,COSTEŞTI,857.0
IAŞI,COSTULENI,1588.0
IAŞI,COTNARI,2578.0
IAŞI,COZMEŞTI,1142.0
IAŞI,CRISTEŞTI,1832.0
IAŞI,CUCUTENI,602.0
IAŞI,DAGÂŢA,1700.0
IAŞI,DELENI,2562.0
IAŞI,DOBROVĂŢ,853.0
IAŞI,DOLHEŞTI,1168.0
IAŞI,DRĂGUŞENI,525.0
IAŞI,DUMEŞTI,1997.0
IAŞI,ERBICENI,1867.0
IAŞI,FÂNTÂNELE,817.0
IAŞI,FOCURI,1402.0
IAŞI,GOLĂIEŞTI,1761.0
IAŞI,GORBAN,1145.0
IAŞI,GRAJDURI,1182.0
IAŞI,GROPNIŢA,1428.0
IAŞI,GROZEŞTI,847.0
IAŞI,HĂLĂUCEŞTI,1660.0
IAŞI,HĂRMĂNEŞTI,989.0
IAŞI,HELEŞTENI,1087.0
IAŞI,HOLBOCA,5357.0
IAŞI,HORLEŞTI,1194.0
IAŞI,ION NECULCE,2309.0
IAŞI,IPATELE,736.0
IAŞI,LESPEZI,2131.0
IAŞI,LEŢCANI,3006.0
IAŞI,LUNGANI,2403.0
IAŞI,MĂDÂRJAC,728.0
IAŞI,MIRCEŞTI,1414.0
IAŞI,MIRONEASA,1589.0
IAŞI,MIROSLAVA,6231.0
IAŞI,MIROSLOVEŞTI,2016.0
IAŞI,MOGOŞEŞTI,1873.0
IAŞI,MOGOŞEŞTI-SIRET,1485.0
IAŞI,MOŞNA,643.0
IAŞI,MOŢCA,1847.0
IAŞI,MOVILENI,1082.0
IAŞI,MUNICIPIUL IAŞI,85373.0
IAŞI,MUNICIPIUL PAŞCANI,12295.0
IAŞI,ORAŞ HÂRLĂU,3757.0
IAŞI,ORAŞ PODU ILOAIEI,3821.0
IAŞI,ORAŞ TÂRGU FRUMOS,4050.0
IAŞI,OŢELENI,1476.0
IAŞI,PLUGARI,1154.0
IAŞI,POPEŞTI,1634.0
IAŞI,POPRICANI,3513.0
IAŞI,PRISĂCANI,1543.0
IAŞI,PROBOTA,1353.0
IAŞI,RĂCHITENI,1209.0
IAŞI,RĂDUCĂNENI,2684.0
IAŞI,REDIU,2800.0
IAŞI,ROMÂNEŞTI,855.0
IAŞI,ROŞCANI,723.0
IAŞI,RUGINOASA,2477.0
IAŞI,SCÂNTEIA,1554.0
IAŞI,ŞCHEIA,1235.0
IAŞI,SCHITU DUCA,1541.0
IAŞI,SCOBINŢI,2224.0
IAŞI,SINEŞTI,1213.0
IAŞI,ŞIPOTE,1700.0
IAŞI,SIREŢEL,1746.0
IAŞI,STOLNICENI-PRĂJESCU,2050.0
IAŞI,STRUNGA,1367.0
IAŞI,TANSA,1154.0
IAŞI,TĂTĂRUŞI,2052.0
IAŞI,ŢIBANA,2151.0
IAŞI,ŢIBĂNEŞTI,2739.0
IAŞI,ŢIGĂNAŞI,1780.0
IAŞI,TODIREŞTI,1680.0
IAŞI,TOMEŞTI,3647.0
IAŞI,TRIFEŞTI,1398.0
IAŞI,ŢUŢORA,950.0
IAŞI,UNGHENI,1589.0
IAŞI,VALEA LUPULUI,3965.0
IAŞI,VALEA SEACĂ,2283.0
IAŞI,VÂNĂTORI,2337.0
IAŞI,VICTORIA,1700.0
IAŞI,VLĂDENI,1487.0
IAŞI,VOINEŞTI,2437.0
ILFOV,1 DECEMBRIE,3418.0
ILFOV,AFUMAŢI,4243.0
ILFOV,BALOTEŞTI,3774.0
ILFOV,BERCENI,4896.0
ILFOV,BRĂNEŞTI,4201.0
ILFOV,CERNICA,5387.0
ILFOV,CHIAJNA,10340.0
ILFOV,CIOLPANI,2369.0
ILFOV,CIOROGÂRLA,2555.0
ILFOV,CLINCENI,3267.0
ILFOV,COPĂCENI,1450.0
ILFOV,CORBEANCA,3715.0
ILFOV,CORNETU,2256.0
ILFOV,DĂRĂŞTI-ILFOV,1741.0
ILFOV,DASCĂLU,1639.0
ILFOV,DOBROEŞTI,4864.0
ILFOV,DOMNEŞTI,4370.0
ILFOV,DRAGOMIREŞTI-VALE,3296.0
ILFOV,GĂNEASA,2725.0
ILFOV,GLINA,3341.0
ILFOV,GRĂDIŞTEA,1643.0
ILFOV,GRUIU,3549.0
ILFOV,JILAVA,4522.0
ILFOV,MOARA VLĂSIEI,2714.0
ILFOV,MOGOŞOAIA,3262.0
ILFOV,NUCI,1552.0
ILFOV,ORAŞ BRAGADIRU,8868.0
ILFOV,ORAŞ BUFTEA,8340.0
ILFOV,ORAŞ CHITILA,4710.0
ILFOV,ORAŞ MĂGURELE,6005.0
ILFOV,ORAŞ OTOPENI,6965.0
ILFOV,ORAŞ PANTELIMON,8386.0
ILFOV,ORAŞ POPEŞTI-LEORDENI,16296.0
ILFOV,ORAŞ VOLUNTARI,14965.0
ILFOV,PERIŞ,2885.0
ILFOV,PETRĂCHIOAIA,1832.0
ILFOV,SNAGOV,3959.0
ILFOV,ŞTEFĂNEŞTII DE JOS,4703.0
ILFOV,TUNARI,4608.0
ILFOV,VIDRA,3706.0
MARAMUREŞ,ARDUSAT,1324.0
MARAMUREŞ,ARINIŞ,633.0
MARAMUREŞ,ASUAJU DE SUS,693.0
MARAMUREŞ,BĂIŢA DE SUB CODRU,1057.0
MARAMUREŞ,BĂIUŢ,995.0
MARAMUREŞ,BÂRSANA,1885.0
MARAMUREŞ,BĂSEŞTI,824.0
MARAMUREŞ,BICAZ,515.0
MARAMUREŞ,BISTRA,1267.0
MARAMUREŞ,BOCICOIU MARE,1328.0
MARAMUREŞ,BOGDAN VODĂ,1166.0
MARAMUREŞ,BOIU MARE,773.0
MARAMUREŞ,BOTIZA,1172.0
MARAMUREŞ,BUDEŞTI,1546.0
MARAMUREŞ,CĂLINEŞTI,1528.0
MARAMUREŞ,CÂMPULUNG LA TISA,969.0
MARAMUREŞ,CERNEŞTI,1842.0
MARAMUREŞ,CICÂRLĂU,1669.0
MARAMUREŞ,COAŞ,899.0
MARAMUREŞ,COLTĂU,1457.0
MARAMUREŞ,COPALNIC-MĂNĂŞTUR,2497.0
MARAMUREŞ,COROIENI,1022.0
MARAMUREŞ,CUPŞENI,1675.0
MARAMUREŞ,DESEŞTI,1291.0
MARAMUREŞ,DUMBRĂVIŢA,2125.0
MARAMUREŞ,FĂRCAŞA,1842.0
MARAMUREŞ,GÂRDANI,680.0
MARAMUREŞ,GIULEŞTI,1147.0
MARAMUREŞ,GROŞI,1396.0
MARAMUREŞ,GROŞII ŢIBLEŞULUI,1038.0
MARAMUREŞ,IEUD,1335.0
MARAMUREŞ,LĂPUŞ,1641.0
MARAMUREŞ,LEORDINA,1074.0
MARAMUREŞ,MIREŞU MARE,2291.0
MARAMUREŞ,MOISEI,3819.0
MARAMUREŞ,MUNICIPIUL BAIA MARE,40817.0
MARAMUREŞ,MUNICIPIUL SIGHETU MARMAŢIEI,11690.0
MARAMUREŞ,OARŢA DE JOS,683.0
MARAMUREŞ,OCNA ŞUGATAG,2024.0
MARAMUREŞ,ONCEŞTI,758.0
MARAMUREŞ,ORAŞ BAIA SPRIE,5490.0
MARAMUREŞ,ORAŞ BORŞA,7460.0
MARAMUREŞ,ORAŞ CAVNIC,2112.0
MARAMUREŞ,ORAŞ DRAGOMIREŞTI,1267.0
MARAMUREŞ,ORAŞ SĂLIŞTEA DE SUS,1620.0
MARAMUREŞ,ORAŞ SEINI,4140.0
MARAMUREŞ,ORAŞ ŞOMCUTA MARE,3642.0
MARAMUREŞ,ORAŞ TÂRGU LĂPUŞ,4649.0
MARAMUREŞ,ORAŞ TĂUŢII-MĂGHERĂUŞ,4139.0
MARAMUREŞ,ORAŞ ULMENI,3579.0
MARAMUREŞ,ORAŞ VIŞEU DE SUS,4636.0
MARAMUREŞ,PETROVA,1119.0
MARAMUREŞ,POIENILE DE SUB MUNTE,2920.0
MARAMUREŞ,POIENILE IZEI,690.0
MARAMUREŞ,RECEA,3269.0
MARAMUREŞ,REMETEA CHIOARULUI,1443.0
MARAMUREŞ,REMEŢI,1114.0
MARAMUREŞ,REPEDEA,1603.0
MARAMUREŞ,RONA DE JOS,1015.0
MARAMUREŞ,RONA DE SUS,1610.0
MARAMUREŞ,ROZAVLEA,1484.0
MARAMUREŞ,RUSCOVA,1350.0
MARAMUREŞ,SĂCĂLĂŞENI,1233.0
MARAMUREŞ,SĂCEL,1475.0
MARAMUREŞ,SĂLSIG,948.0
MARAMUREŞ,SĂPÂNŢA,1508.0
MARAMUREŞ,SARASĂU,1014.0
MARAMUREŞ,SATULUNG,3003.0
MARAMUREŞ,ŞIEU,1281.0
MARAMUREŞ,ŞIŞEŞTI,2547.0
MARAMUREŞ,STRÂMTURA,1203.0
MARAMUREŞ,SUCIU DE SUS,1892.0
MARAMUREŞ,VADU IZEI,1247.0
MARAMUREŞ,VALEA CHIOARULUI,1380.0
MARAMUREŞ,VIMA MICĂ,799.0
MARAMUREŞ,VIŞEU DE JOS,2017.0
MEHEDINŢI,BÂCLEŞ,1170.0
MEHEDINŢI,BALA,2095.0
MEHEDINŢI,BĂLĂCIŢA,1546.0
MEHEDINŢI,BALTA,1059.0
MEHEDINŢI,BÂLVĂNEŞTI,654.0
MEHEDINŢI,BRANIŞTEA,1083.0
MEHEDINŢI,BREZNIŢA-MOTRU,804.0
MEHEDINŢI,BREZNIŢA-OCOL,1673.0
MEHEDINŢI,BROŞTENI,1600.0
MEHEDINŢI,BURILA MARE,892.0
MEHEDINŢI,BUTOIEŞTI,2028.0
MEHEDINŢI,CĂZĂNEŞTI,1341.0
MEHEDINŢI,CIREŞU,370.0
MEHEDINŢI,CORCOVA,3239.0
MEHEDINŢI,CORLĂŢEL,710.0
MEHEDINŢI,CUJMIR,1950.0
MEHEDINŢI,DÂRVARI,1427.0
MEHEDINŢI,DEVESEL,1943.0
MEHEDINŢI,DUBOVA,566.0
MEHEDINŢI,DUMBRAVA,853.0
MEHEDINŢI,EŞELNIŢA,1297.0
MEHEDINŢI,FLOREŞTI,1448.0
MEHEDINŢI,GÂRLA MARE,1234.0
MEHEDINŢI,GODEANU,564.0
MEHEDINŢI,GOGOŞU,1827.0
MEHEDINŢI,GRECI,830.0
MEHEDINŢI,GROZEŞTI,868.0
MEHEDINŢI,GRUIA,1230.0
MEHEDINŢI,HINOVA,1490.0
MEHEDINŢI,HUSNICIOARA,869.0
MEHEDINŢI,ILOVĂŢ,959.0
MEHEDINŢI,ILOVIŢA,736.0
MEHEDINŢI,ISVERNA,1627.0
MEHEDINŢI,IZVORU BÂRZII,1426.0
MEHEDINŢI,JIANA,1939.0
MEHEDINŢI,LIVEZILE,1075.0
MEHEDINŢI,MALOVĂŢ,1734.0
MEHEDINŢI,MUNICIPIUL DROBETA-TURNU SEVERIN,31222.0
MEHEDINŢI,MUNICIPIUL ORŞOVA,4272.0
MEHEDINŢI,OBÂRŞIA-CLOŞANI,637.0
MEHEDINŢI,OBÂRŞIA DE CÂMP,1223.0
MEHEDINŢI,OPRIŞOR,1228.0
MEHEDINŢI,ORAŞ BAIA DE ARAMĂ,2626.0
MEHEDINŢI,ORAŞ STREHAIA,4666.0
MEHEDINŢI,ORAŞ VÂNJU MARE,2752.0
MEHEDINŢI,PĂDINA,962.0
MEHEDINŢI,PĂTULELE,1881.0
MEHEDINŢI,PODENI,510.0
MEHEDINŢI,PONOARELE,1412.0
MEHEDINŢI,POROINA MARE,802.0
MEHEDINŢI,PRISTOL,877.0
MEHEDINŢI,PRUNIŞOR,1445.0
MEHEDINŢI,PUNGHINA,983.0
MEHEDINŢI,ROGOVA,1021.0
MEHEDINŢI,SALCIA,1604.0
MEHEDINŢI,ŞIMIAN,4402.0
MEHEDINŢI,ŞIŞEŞTI,1222.0
MEHEDINŢI,ŞOVARNA,671.0
MEHEDINŢI,STÂNGĂCEAUA,797.0
MEHEDINŢI,SVINIŢA,606.0
MEHEDINŢI,TÂMNA,1560.0
MEHEDINŢI,VÂNĂTORI,1063.0
MEHEDINŢI,VÂNJULEŢ,687.0
MEHEDINŢI,VLĂDAIA,661.0
MEHEDINŢI,VOLOIAC,830.0
MEHEDINŢI,VRATA,860.0
MUNICIPIUL BUCUREŞTI,BUCUREŞTI SECTORUL 1,88962.0
MUNICIPIUL BUCUREŞTI,BUCUREŞTI SECTORUL 2,113780.0
MUNICIPIUL BUCUREŞTI,BUCUREŞTI SECTORUL 3,133052.0
MUNICIPIUL BUCUREŞTI,BUCUREŞTI SECTORUL 4,101601.0
MUNICIPIUL BUCUREŞTI,BUCUREŞTI SECTORUL 5,90043.0
MUNICIPIUL BUCUREŞTI,BUCUREŞTI SECTORUL 6,123866.0
MUREŞ,ACĂŢARI,1944.0
MUREŞ,ADĂMUŞ,1851.0
MUREŞ,ALBEŞTI,2189.0
MUREŞ,ALUNIŞ,1457.0
MUREŞ,APOLD,1192.0
MUREŞ,AŢINTIŞ,776.0
MUREŞ,BĂGACIU,875.0
MUREŞ,BAHNEA,1344.0
MUREŞ,BĂLA,376.0
MUREŞ,BĂLĂUŞERI,1942.0
MUREŞ,BAND,2184.0
MUREŞ,BATOŞ,1561.0
MUREŞ,BEICA DE JOS,765.0
MUREŞ,BERENI,520.0
MUREŞ,BICHIŞ,368.0
MUREŞ,BOGATA,979.0
MUREŞ,BRÂNCOVENEŞTI,1418.0
MUREŞ,BREAZA,1199.0
MUREŞ,CEUAŞU DE CÂMPIE,2296.0
MUREŞ,CHEŢANI,1154.0
MUREŞ,CHIBED,491.0
MUREŞ,CHIHERU DE JOS,821.0
MUREŞ,COROISÂNMĂRTIN,635.0
MUREŞ,CORUNCA,1621.0
MUREŞ,COZMA,183.0
MUREŞ,CRĂCIUNEŞTI,1796.0
MUREŞ,CRĂIEŞTI,485.0
MUREŞ,CRISTEŞTI,2377.0
MUREŞ,CUCERDEA,665.0
MUREŞ,CUCI,872.0
MUREŞ,DANEŞ,1877.0
MUREŞ,DEDA,2171.0
MUREŞ,EREMITU,1245.0
MUREŞ,ERNEI,1756.0
MUREŞ,FÂNTÂNELE,1504.0
MUREŞ,FĂRĂGĂU,556.0
MUREŞ,GĂLEŞTI,691.0
MUREŞ,GĂNEŞTI,1525.0
MUREŞ,GHEORGHE DOJA,1161.0
MUREŞ,GHINDARI,1131.0
MUREŞ,GLODENI,1632.0
MUREŞ,GORNEŞTI,2326.0
MUREŞ,GREBENIŞU DE CÂMPIE,901.0
MUREŞ,GURGHIU,2183.0
MUREŞ,HODAC,2327.0
MUREŞ,HODOŞA,432.0
MUREŞ,IBĂNEŞTI,2146.0
MUREŞ,ICLĂNZEL,977.0
MUREŞ,IDECIU DE JOS,1039.0
MUREŞ,LIVEZENI,1263.0
MUREŞ,LUNCA,1203.0
MUREŞ,LUNCA BRADULUI,945.0
MUREŞ,MĂDĂRAŞ,712.0
MUREŞ,MĂGHERANI,525.0
MUREŞ,MICA,1706.0
MUREŞ,MIHEŞU DE CÂMPIE,1174.0
MUREŞ,MUNICIPIUL REGHIN,13878.0
MUREŞ,MUNICIPIUL SIGHIŞOARA,9654.0
MUREŞ,MUNICIPIUL TÂRGU MUREŞ,55816.0
MUREŞ,MUNICIPIUL TÂRNĂVENI,6808.0
MUREŞ,NADEŞ,1019.0
MUREŞ,NEAUA,708.0
MUREŞ,OGRA,949.0
MUREŞ,ORAŞ IERNUT,3586.0
MUREŞ,ORAŞ LUDUŞ,5807.0
MUREŞ,ORAŞ MIERCUREA NIRAJULUI,2153.0
MUREŞ,ORAŞ SÂNGEORGIU DE PĂDURE,1951.0
MUREŞ,ORAŞ SĂRMAŞU,2881.0
MUREŞ,ORAŞ SOVATA,3600.0
MUREŞ,ORAŞ UNGHENI,3487.0
MUREŞ,PĂNET,2259.0
MUREŞ,PAPIU ILARIAN,300.0
MUREŞ,PĂSĂRENI,726.0
MUREŞ,PETELEA,1172.0
MUREŞ,POGĂCEAUA,944.0
MUREŞ,RÂCIU,1678.0
MUREŞ,RĂSTOLIŢA,911.0
MUREŞ,RUŞII-MUNŢI,1049.0
MUREŞ,SÂNCRAIU DE MUREŞ,3618.0
MUREŞ,SÂNGEORGIU DE MUREŞ,4215.0
MUREŞ,SÂNGER,1079.0
MUREŞ,SÂNPAUL,2040.0
MUREŞ,SÂNPETRU DE CÂMPIE,1389.0
MUREŞ,SÂNTANA DE MUREŞ,2816.0
MUREŞ,SĂRĂŢENI,497.0
MUREŞ,SASCHIZ,691.0
MUREŞ,ŞĂULIA,952.0
MUREŞ,ŞINCAI,738.0
MUREŞ,SOLOVĂSTRU,1384.0
MUREŞ,STÂNCENI,728.0
MUREŞ,SUPLAC,892.0
MUREŞ,SUSENI,1156.0
MUREŞ,TĂURENI,524.0
MUREŞ,VALEA LARGĂ,1276.0
MUREŞ,VÂNĂTORI,1375.0
MUREŞ,VĂRGATA,782.0
MUREŞ,VĂTAVA,1023.0
MUREŞ,VEŢCA,189.0
MUREŞ,VIIŞOARA,704.0
MUREŞ,VOIVODENI,896.0
MUREŞ,ZAGĂR,427.0
MUREŞ,ZAU DE CÂMPIE,839.0
NEAMŢ,AGAPIA,1841.0
NEAMŢ,ALEXANDRU CEL BUN,2203.0
NEAMŢ,BAHNA,1530.0
NEAMŢ,BĂLŢĂTEŞTI,1485.0
NEAMŢ,BÂRGĂUANI,1601.0
NEAMŢ,BICAZ-CHEI,1871.0
NEAMŢ,BICAZU ARDELEAN,1304.0
NEAMŢ,BIRA,790.0
NEAMŢ,BODEŞTI,1894.0
NEAMŢ,BOGHICEA,1072.0
NEAMŢ,BORCA,2661.0
NEAMŢ,BORLEŞTI,3181.0
NEAMŢ,BOTEŞTI,1581.0
NEAMŢ,BOZIENI,1095.0
NEAMŢ,BRUSTURI,1581.0
NEAMŢ,CÂNDEŞTI,1610.0
NEAMŢ,CEAHLĂU,1028.0
NEAMŢ,CORDUN,3017.0
NEAMŢ,COSTIŞA,1476.0
NEAMŢ,CRĂCĂOANI,1845.0
NEAMŢ,DĂMUC,1417.0
NEAMŢ,DOBRENI,885.0
NEAMŢ,DOCHIA,974.0
NEAMŢ,DOLJEŞTI,2034.0
NEAMŢ,DRĂGĂNEŞTI,721.0
NEAMŢ,DRAGOMIREŞTI,941.0
NEAMŢ,DULCEŞTI,1356.0
NEAMŢ,DUMBRAVA ROŞIE,2748.0
NEAMŢ,FARCAŞA,1293.0
NEAMŢ,FĂUREI,866.0
NEAMŢ,GÂDINŢI,823.0
NEAMŢ,GÂRCINA,1857.0
NEAMŢ,GHERĂEŞTI,2089.0
NEAMŢ,GHINDĂOANI,768.0
NEAMŢ,GIROV,2096.0
NEAMŢ,GRINŢIEŞ,1047.0
NEAMŢ,GRUMĂZEŞTI,2127.0
NEAMŢ,HANGU,1489.0
NEAMŢ,HORIA,2162.0
NEAMŢ,ICUŞEŞTI,1646.0
NEAMŢ,ION CREANGĂ,2352.0
NEAMŢ,MĂRGINENI,1581.0
NEAMŢ,MOLDOVENI,708.0
NEAMŢ,MUNICIPIUL PIATRA-NEAMŢ,29118.0
NEAMŢ,MUNICIPIUL ROMAN,16966.0
NEAMŢ,NEGREŞTI,826.0
NEAMŢ,ONICENI,1426.0
NEAMŢ,ORAŞ BICAZ,2838.0
NEAMŢ,ORAŞ ROZNOV,3859.0
NEAMŢ,ORAŞ TÂRGU-NEAMŢ,7388.0
NEAMŢ,PÂNCEŞTI,674.0
NEAMŢ,PÂNGĂRAŢI,2273.0
NEAMŢ,PĂSTRĂVENI,1534.0
NEAMŢ,PETRICANI,2108.0
NEAMŢ,PIATRA ŞOIMULUI,2926.0
NEAMŢ,PIPIRIG,3302.0
NEAMŢ,PODOLENI,2128.0
NEAMŢ,POIANA TEIULUI,1924.0
NEAMŢ,POIENARI,695.0
NEAMŢ,RĂUCEŞTI,3415.0
NEAMŢ,RĂZBOIENI,1029.0
NEAMŢ,REDIU,2093.0
NEAMŢ,ROMÂNI,1596.0
NEAMŢ,RUGINOASA,1025.0
NEAMŢ,SĂBĂOANI,3379.0
NEAMŢ,SAGNA,1744.0
NEAMŢ,SĂVINEŞTI,2367.0
NEAMŢ,SECUIENI,1073.0
NEAMŢ,STĂNIŢA,726.0
NEAMŢ,ŞTEFAN CEL MARE,1288.0
NEAMŢ,TĂMĂŞENI,2637.0
NEAMŢ,TARCĂU,1530.0
NEAMŢ,TAŞCA,1217.0
NEAMŢ,TAZLĂU,1156.0
NEAMŢ,ŢIBUCANI,1833.0
NEAMŢ,TIMIŞEŞTI,1484.0
NEAMŢ,TRIFEŞTI,1785.0
NEAMŢ,TUPILAŢI,905.0
NEAMŢ,URECHENI,1485.0
NEAMŢ,VALEA URSULUI,1413.0
NEAMŢ,VĂLENI,618.0
NEAMŢ,VÂNĂTORI-NEAMŢ,2862.0
NEAMŢ,ZĂNEŞTI,2284.0
OLT,BĂBICIU,1366.0
OLT,BALDOVINEŞTI,641.0
OLT,BĂLTENI,1000.0
OLT,BĂRĂŞTI,1145.0
OLT,BÂRZA,1359.0
OLT,BOBICEŞTI,1394.0
OLT,BRÂNCOVENI,1664.0
OLT,BRASTAVĂŢU,1981.0
OLT,BREBENI,1397.0
OLT,BUCINIŞU,1382.0
OLT,CĂLUI,799.0
OLT,CÂRLOGANI,1107.0
OLT,CEZIENI,853.0
OLT,CILIENI,1519.0
OLT,COLONEŞTI,1039.0
OLT,CORBU,1175.0
OLT,COTEANA,1431.0
OLT,CRÂMPOIA,1633.0
OLT,CUNGREA,1291.0
OLT,CURTIŞOARA,2300.0
OLT,DĂNEASA,1903.0
OLT,DEVESELU,1619.0
OLT,DOBREŢU,737.0
OLT,DOBROSLOVENI,1514.0
OLT,DOBROTEASA,760.0
OLT,DOBRUN,759.0
OLT,DRĂGHICENI,1129.0
OLT,FĂGEŢELU,698.0
OLT,FĂLCOIU,1574.0
OLT,FĂRCAŞELE,2375.0
OLT,GĂNEASA,2062.0
OLT,GÂRCOV,1122.0
OLT,GĂVĂNEŞTI,1147.0
OLT,GHIMPEŢENI,958.0
OLT,GIUVĂRĂŞTI,1054.0
OLT,GOSTAVĂŢU,1415.0
OLT,GRĂDINARI,1005.0
OLT,GRĂDINILE,719.0
OLT,GROJDIBODU,1307.0
OLT,GURA PADINII,1002.0
OLT,IANCA,1870.0
OLT,IANCU JIANU,1843.0
OLT,ICOANA,1095.0
OLT,IPOTEŞTI,830.0
OLT,IZBICENI,2503.0
OLT,IZVOARELE,1554.0
OLT,LELEASCA,929.0
OLT,MĂRUNŢEI,1910.0
OLT,MIHĂEŞTI,895.0
OLT,MILCOV,1135.0
OLT,MORUNGLAV,1170.0
OLT,MOVILENI,1784.0
OLT,MUNICIPIUL CARACAL,10766.0
OLT,MUNICIPIUL SLATINA,25008.0
OLT,NICOLAE TITULESCU,651.0
OLT,OBÂRŞIA,1465.0
OLT,OBOGA,933.0
OLT,OPORELU,838.0
OLT,OPTAŞI-MĂGURA,674.0
OLT,ORAŞ BALŞ,7791.0
OLT,ORAŞ CORABIA,6072.0
OLT,ORAŞ DRĂGĂNEŞTI-OLT,5243.0
OLT,ORAŞ PIATRA-OLT,3661.0
OLT,ORAŞ POTCOAVA,3176.0
OLT,ORAŞ SCORNICEŞTI,6252.0
OLT,ORLEA,1126.0
OLT,OSICA DE JOS,847.0
OLT,OSICA DE SUS,2317.0
OLT,PÂRŞCOVENI,1700.0
OLT,PERIEŢI,1137.0
OLT,PLEŞOIU,1780.0
OLT,POBORU,1135.0
OLT,PRISEACA,939.0
OLT,RADOMIREŞTI,1267.0
OLT,REDEA,1709.0
OLT,ROTUNDA,1248.0
OLT,RUSĂNEŞTI,2258.0
OLT,SÂMBUREŞTI,722.0
OLT,SÂRBII - MĂGURA,1059.0
OLT,SCĂRIŞOARA,1593.0
OLT,SCHITU,1454.0
OLT,SEACA,908.0
OLT,ŞERBĂNEŞTI,1396.0
OLT,SLĂTIOARA,1584.0
OLT,ŞOPÂRLIŢA,837.0
OLT,SPINENI,976.0
OLT,SPRÂNCENATA,1167.0
OLT,ŞTEFAN CEL MARE,1047.0
OLT,STOENEŞTI,1057.0
OLT,STOICĂNEŞTI,1236.0
OLT,STREJEŞTI,1796.0
OLT,STUDINA,1408.0
OLT,TĂTULEŞTI,835.0
OLT,TESLUI,1371.0
OLT,TIA MARE,2101.0
OLT,TOPANA,552.0
OLT,TRAIAN,1523.0
OLT,TUFENI,1429.0
OLT,URZICA,1069.0
OLT,VĂDASTRA,828.0
OLT,VĂDĂSTRIŢA,1541.0
OLT,VÂLCELE,1492.0
OLT,VALEA MARE,1784.0
OLT,VĂLENI,1406.0
OLT,VERGULEASA,1282.0
OLT,VIŞINA,1449.0
OLT,VIŞINA NOUĂ,1130.0
OLT,VITOMIREŞTI,1035.0
OLT,VLĂDILA,875.0
OLT,VOINEASA,1229.0
OLT,VULPENI,1195.0
OLT,VULTUREŞTI,1163.0
PRAHOVA,ADUNAŢI,1057.0
PRAHOVA,ALBEŞTI-PALEOLOGU,2301.0
PRAHOVA,ALUNIŞ,1683.0
PRAHOVA,APOSTOLACHE,975.0
PRAHOVA,ARICEŞTII RAHTIVANI,3891.0
PRAHOVA,ARICEŞTII ZELETIN,719.0
PRAHOVA,BABA ANA,1485.0
PRAHOVA,BALTA DOAMNEI,1078.0
PRAHOVA,BĂLŢEŞTI,1789.0
PRAHOVA,BĂNEŞTI,2645.0
PRAHOVA,BĂRCĂNEŞTI,2743.0
PRAHOVA,BĂTRÂNI,967.0
PRAHOVA,BERCENI,2537.0
PRAHOVA,BERTEA,1337.0
PRAHOVA,BLEJOI,3530.0
PRAHOVA,BOLDEŞTI-GRADIŞTEA,783.0
PRAHOVA,BRAZI,3667.0
PRAHOVA,BREBU,3490.0
PRAHOVA,BUCOV,3861.0
PRAHOVA,CĂLUGĂRENI,452.0
PRAHOVA,CĂRBUNEŞTI,638.0
PRAHOVA,CEPTURA,1921.0
PRAHOVA,CERAŞU,2287.0
PRAHOVA,CHIOJDEANCA,831.0
PRAHOVA,CIORANI,2534.0
PRAHOVA,COCORĂŞTII COLŢ,1309.0
PRAHOVA,COCORĂŞTII MISLII,1579.0
PRAHOVA,COLCEAG,1917.0
PRAHOVA,CORNU,1916.0
PRAHOVA,COSMINELE,582.0
PRAHOVA,DRĂGĂNEŞTI,2112.0
PRAHOVA,DRAJNA,2348.0
PRAHOVA,DUMBRAVA,1977.0
PRAHOVA,DUMBRĂVEŞTI,1833.0
PRAHOVA,FÂNTÂNELE,950.0
PRAHOVA,FILIPEŞTII DE PĂDURE,4210.0
PRAHOVA,FILIPEŞTII DE TÂRG,3477.0
PRAHOVA,FLOREŞTI,3529.0
PRAHOVA,FULGA,1377.0
PRAHOVA,GHERGHIŢA,1032.0
PRAHOVA,GORGOTA,2132.0
PRAHOVA,GORNET,1569.0
PRAHOVA,GORNET-CRICOV,1170.0
PRAHOVA,GURA VADULUI,938.0
PRAHOVA,GURA VITIOAREI,2821.0
PRAHOVA,IORDĂCHEANU,2672.0
PRAHOVA,IZVOARELE,2701.0
PRAHOVA,JUGURENI,334.0
PRAHOVA,LAPOŞ,551.0
PRAHOVA,LIPĂNEŞTI,2526.0
PRAHOVA,MĂGURELE,1890.0
PRAHOVA,MĂGURENI,2534.0
PRAHOVA,MĂNECIU,4117.0
PRAHOVA,MĂNEŞTI,1793.0
PRAHOVA,MUNICIPIUL CÂMPINA,12977.0
PRAHOVA,MUNICIPIUL PLOIEŞTI,60984.0
PRAHOVA,OLARI,997.0
PRAHOVA,ORAŞ AZUGA,2050.0
PRAHOVA,ORAŞ BĂICOI,7507.0
PRAHOVA,ORAŞ BOLDEŞTI-SCĂENI,4524.0
PRAHOVA,ORAŞ BREAZA,6342.0
PRAHOVA,ORAŞ BUŞTENI,4129.0
PRAHOVA,ORAŞ COMARNIC,5459.0
PRAHOVA,ORAŞ MIZIL,4826.0
PRAHOVA,ORAŞ PLOPENI,3471.0
PRAHOVA,ORAŞ SINAIA,4905.0
PRAHOVA,ORAŞ SLĂNIC,2275.0
PRAHOVA,ORAŞ URLAŢI,4023.0
PRAHOVA,ORAŞ VĂLENII DE MUNTE,4735.0
PRAHOVA,PĂCUREŢI,953.0
PRAHOVA,PĂULEŞTI,3106.0
PRAHOVA,PLOPU,1374.0
PRAHOVA,PODENII NOI,2467.0
PRAHOVA,POIANA CÂMPINA,2214.0
PRAHOVA,POIENARII BURCHII,2114.0
PRAHOVA,POSEŞTI,1770.0
PRAHOVA,PREDEAL-SĂRARI,1255.0
PRAHOVA,PROVIŢA DE JOS,1009.0
PRAHOVA,PROVIŢA DE SUS,1080.0
PRAHOVA,PUCHENII MARI,3598.0
PRAHOVA,RÂFOV,2716.0
PRAHOVA,SALCIA,577.0
PRAHOVA,SĂLCIILE,1173.0
PRAHOVA,SÂNGERU,2251.0
PRAHOVA,SCORŢENI,2527.0
PRAHOVA,SECĂRIA,687.0
PRAHOVA,ŞIRNA,1937.0
PRAHOVA,ŞOIMARI,1240.0
PRAHOVA,ŞOTRILE,1776.0
PRAHOVA,STARCHIOJD,1518.0
PRAHOVA,ŞTEFEŞTI,1052.0
PRAHOVA,SURANI,925.0
PRAHOVA,TALEA,636.0
PRAHOVA,TÂRGŞORU VECHI,4161.0
PRAHOVA,TĂTARU,622.0
PRAHOVA,TEIŞANI,1582.0
PRAHOVA,TELEGA,2460.0
PRAHOVA,TINOSU,956.0
PRAHOVA,TOMŞANI,2144.0
PRAHOVA,VADU SĂPAT,822.0
PRAHOVA,VÂLCĂNEŞTI,1461.0
PRAHOVA,VALEA CĂLUGĂREASCĂ,3970.0
PRAHOVA,VALEA DOFTANEI,2323.0
PRAHOVA,VĂRBILĂU,2367.0
SĂLAJ,AGRIJ,725.0
SĂLAJ,ALMAŞU,1120.0
SĂLAJ,BĂBENI,1106.0
SĂLAJ,BĂLAN,2103.0
SĂLAJ,BĂNIŞOR,970.0
SĂLAJ,BENESAT,854.0
SĂLAJ,BOBOTA,1583.0
SĂLAJ,BOCŞA,1690.0
SĂLAJ,BOGHIŞ,794.0
SĂLAJ,BUCIUMI,1373.0
SĂLAJ,CAMĂR,686.0
SĂLAJ,CARASTELEC,506.0
SĂLAJ,CHIEŞD,932.0
SĂLAJ,CIZER,1144.0
SĂLAJ,COŞEIU,780.0
SĂLAJ,CRASNA,2769.0
SĂLAJ,CREACA,1123.0
SĂLAJ,CRIŞENI,1582.0
SĂLAJ,CRISTOLŢ,759.0
SĂLAJ,CUZĂPLAC,774.0
SĂLAJ,DOBRIN,626.0
SĂLAJ,DRAGU,853.0
SĂLAJ,FILDU DE JOS,734.0
SĂLAJ,GÂLGĂU,1282.0
SĂLAJ,GÂRBOU,856.0
SĂLAJ,HALMĂŞD,1029.0
SĂLAJ,HERECLEAN,1938.0
SĂLAJ,HIDA,1064.0
SĂLAJ,HOROATU CRASNEI,1312.0
SĂLAJ,ILEANDA,1360.0
SĂLAJ,IP,1348.0
SĂLAJ,LETCA,1087.0
SĂLAJ,LOZNA,646.0
SĂLAJ,MĂERIŞTE,1370.0
SĂLAJ,MARCA,1128.0
SĂLAJ,MESEŞENII DE JOS,1628.0
SĂLAJ,MIRŞID,1165.0
SĂLAJ,MUNICIPIUL ZALĂU,20269.0
SĂLAJ,NĂPRADEA,1299.0
SĂLAJ,NUŞFALĂU,1522.0
SĂLAJ,ORAŞ CEHU SILVANIEI,2977.0
SĂLAJ,ORAŞ JIBOU,4023.0
SĂLAJ,ORAŞ ŞIMLEU SILVANIEI,5327.0
SĂLAJ,PERICEI,1452.0
SĂLAJ,PLOPIŞ,966.0
SĂLAJ,POIANA BLENCHII,608.0
SĂLAJ,ROMÂNAŞI,1317.0
SĂLAJ,RUS,619.0
SĂLAJ,SÂG,1249.0
SĂLAJ,SĂLĂŢIG,1428.0
SĂLAJ,ŞAMŞUD,677.0
SĂLAJ,SÂNMIHAIU ALMAŞULUI,776.0
SĂLAJ,ŞĂRMĂŞAG,2431.0
SĂLAJ,ŞIMIŞNA,607.0
SĂLAJ,SOMEŞ-ODORHEI,1324.0
SĂLAJ,SURDUC,2216.0
SĂLAJ,TREZNEA,682.0
SĂLAJ,VALCĂU DE JOS,1570.0
SĂLAJ,VÂRŞOLŢ,1137.0
SĂLAJ,ZALHA,701.0
SĂLAJ,ZIMBOR,491.0
SATU MARE,ACÂŞ,1110.0
SATU MARE,AGRIŞ,808.0
SATU MARE,ANDRID,1186.0
SATU MARE,APA,1124.0
SATU MARE,BÂRSĂU,1138.0
SATU MARE,BĂTARCI,1308.0
SATU MARE,BELTIUG,1217.0
SATU MARE,BERVENI,1433.0
SATU MARE,BIXAD,2719.0
SATU MARE,BOGDAND,1123.0
SATU MARE,BOTIZ,1348.0
SATU MARE,CĂLINEŞTI-OAŞ,1873.0
SATU MARE,CĂMĂRZANA,824.0
SATU MARE,CĂMIN,788.0
SATU MARE,CĂPLENI,1453.0
SATU MARE,CĂUAŞ,1185.0
SATU MARE,CEHAL,926.0
SATU MARE,CERTEZE,1809.0
SATU MARE,CIUMEŞTI,673.0
SATU MARE,CRAIDOROLŢ,773.0
SATU MARE,CRUCIŞOR,1280.0
SATU MARE,CULCIU,1753.0
SATU MARE,DOBA,1249.0
SATU MARE,DOROLŢ,1897.0
SATU MARE,FOIENI,726.0
SATU MARE,GHERŢA MICĂ,935.0
SATU MARE,HALMEU,1664.0
SATU MARE,HODOD,1083.0
SATU MARE,HOMOROADE,954.0
SATU MARE,LAZURI,2546.0
SATU MARE,MEDIEŞU AURIT,2845.0
SATU MARE,MICULA,1329.0
SATU MARE,MOFTIN,1666.0
SATU MARE,MUNICIPIUL CAREI,6803.0
SATU MARE,MUNICIPIUL SATU MARE,36014.0
SATU MARE,ODOREU,2218.0
SATU MARE,ORAŞ ARDUD,2406.0
SATU MARE,ORAŞ LIVADA,2518.0
SATU MARE,ORAŞ NEGREŞTI-OAŞ,4660.0
SATU MARE,ORAŞ TĂŞNAD,4043.0
SATU MARE,ORAŞU NOU,1603.0
SATU MARE,PĂULEŞTI,2566.0
SATU MARE,PETREŞTI,678.0
SATU MARE,PIR,663.0
SATU MARE,PIŞCOLT,1250.0
SATU MARE,POMI,1100.0
SATU MARE,PORUMBEŞTI,1060.0
SATU MARE,RACŞA,1123.0
SATU MARE,SĂCĂŞENI,534.0
SATU MARE,SANISLĂU,1362.0
SATU MARE,SANTĂU,1142.0
SATU MARE,SĂUCA,688.0
SATU MARE,SOCOND,1287.0
SATU MARE,SUPUR,1725.0
SATU MARE,TARNA MARE,1183.0
SATU MARE,TÂRŞOLŢ,668.0
SATU MARE,TEREBEŞTI,887.0
SATU MARE,TIREAM,917.0
SATU MARE,TURŢ,2149.0
SATU MARE,TURULUNG,1455.0
SATU MARE,URZICENI,728.0
SATU MARE,VALEA VINULUI,959.0
SATU MARE,VAMA,1217.0
SATU MARE,VETIŞ,1922.0
SATU MARE,VIILE SATU MARE,1794.0
SIBIU,ALMA,1224.0
SIBIU,ALŢINA,916.0
SIBIU,APOLDU DE JOS,751.0
SIBIU,ARPAŞU DE JOS,1509.0
SIBIU,AŢEL,734.0
SIBIU,AXENTE SEVER,1297.0
SIBIU,BÂRGHIŞ,980.0
SIBIU,BAZNA,1295.0
SIBIU,BIERTAN,1105.0
SIBIU,BLĂJEL,1155.0
SIBIU,BOIŢA,766.0
SIBIU,BRĂDENI,685.0
SIBIU,BRATEIU,1461.0
SIBIU,BRUIU,408.0
SIBIU,CÂRŢA,597.0
SIBIU,CÂRŢIŞOARA,777.0
SIBIU,CHIRPĂR,680.0
SIBIU,CRISTIAN,1752.0
SIBIU,DÂRLOS,1218.0
SIBIU,GURA RÂULUI,2013.0
SIBIU,HOGHILAG,978.0
SIBIU,IACOBENI,1191.0
SIBIU,JINA,1500.0
SIBIU,LASLEA,1442.0
SIBIU,LOAMNEŞ,1309.0
SIBIU,LUDOŞ,305.0
SIBIU,MARPOD,383.0
SIBIU,MERGHINDEAL,673.0
SIBIU,MICĂSASA,1238.0
SIBIU,MIHĂILENI,301.0
SIBIU,MOŞNA,1346.0
SIBIU,MUNICIPIUL MEDIAŞ,14238.0
SIBIU,MUNICIPIUL SIBIU,47258.0
SIBIU,NOCRICH,1426.0
SIBIU,ORAŞ AGNITA,3585.0
SIBIU,ORAŞ AVRIG,5436.0
SIBIU,ORAŞ CISNĂDIE,6964.0
SIBIU,ORAŞ COPŞA MICĂ,1726.0
SIBIU,ORAŞ DUMBRĂVENI,2868.0
SIBIU,ORAŞ MIERCUREA SIBIULUI,1813.0
SIBIU,ORAŞ OCNA SIBIULUI,1833.0
SIBIU,ORAŞ SĂLIŞTE,2768.0
SIBIU,ORAŞ TĂLMACIU,3324.0
SIBIU,ORLAT,1483.0
SIBIU,PĂUCA,824.0
SIBIU,POIANA SIBIULUI,1083.0
SIBIU,POPLACA,827.0
SIBIU,PORUMBACU DE JOS,1535.0
SIBIU,RACOVIŢA,1501.0
SIBIU,RĂŞINARI,1774.0
SIBIU,RÂU SADULUI,370.0
SIBIU,ROŞIA,2526.0
SIBIU,SADU,1478.0
SIBIU,ŞEICA MARE,1748.0
SIBIU,ŞEICA MICĂ,572.0
SIBIU,ŞELIMBĂR,5105.0
SIBIU,SLIMNIC,1728.0
SIBIU,ŞURA MARE,1986.0
SIBIU,ŞURA MICĂ,1414.0
SIBIU,TÂRNAVA,1260.0
SIBIU,TILIŞCA,772.0
SIBIU,TURNU ROŞU,1297.0
SIBIU,VALEA VIILOR,852.0
SIBIU,VURPĂR,906.0
SUCEAVA,ADÂNCATA,1556.0
SUCEAVA,ARBORE,2487.0
SUCEAVA,BAIA,2555.0
SUCEAVA,BĂLĂCEANA,540.0
SUCEAVA,BĂLCĂUŢI,1170.0
SUCEAVA,BERCHIŞEŞTI,1391.0
SUCEAVA,BILCA,1359.0
SUCEAVA,BOGDĂNEŞTI,1620.0
SUCEAVA,BOROAIA,1586.0
SUCEAVA,BOSANCI,2301.0
SUCEAVA,BOTOŞANA,1103.0
SUCEAVA,BREAZA,692.0
SUCEAVA,BRODINA,1402.0
SUCEAVA,BUNEŞTI,1135.0
SUCEAVA,BURLA,885.0
SUCEAVA,CACICA,1639.0
SUCEAVA,CALAFINDEŞTI,1246.0
SUCEAVA,CAPU CÂMPULUI,1245.0
SUCEAVA,CÂRLIBABA,874.0
SUCEAVA,CIOCĂNEŞTI,755.0
SUCEAVA,CIPRIAN PORUMBESCU,697.0
SUCEAVA,COMĂNEŞTI,955.0
SUCEAVA,CORNU LUNCII,2827.0
SUCEAVA,COŞNA,829.0
SUCEAVA,CRUCEA,824.0
SUCEAVA,DĂRMĂNEŞTI,2213.0
SUCEAVA,DOLHEŞTI,1518.0
SUCEAVA,DORNA-ARINI,1545.0
SUCEAVA,DORNA CANDRENILOR,1514.0
SUCEAVA,DORNEŞTI,1565.0
SUCEAVA,DRĂGOIEŞTI,1179.0
SUCEAVA,DRĂGUŞENI,996.0
SUCEAVA,DUMBRĂVENI,2900.0
SUCEAVA,FÂNTÂNA MARE,865.0
SUCEAVA,FÂNTÂNELE,1844.0
SUCEAVA,FORĂŞTI,1891.0
SUCEAVA,FRĂTĂUŢII NOI,1748.0
SUCEAVA,FRĂTĂUŢII VECHI,1643.0
SUCEAVA,FRUMOSU,1743.0
SUCEAVA,FUNDU MOLDOVEI,1860.0
SUCEAVA,GĂLĂNEŞTI,836.0
SUCEAVA,GRĂMEŞTI,1122.0
SUCEAVA,GRĂNICEŞTI,1774.0
SUCEAVA,HĂNŢEŞTI,1459.0
SUCEAVA,HÂRTOP,1062.0
SUCEAVA,HORODNIC DE JOS,1030.0
SUCEAVA,HORODNIC DE SUS,1940.0
SUCEAVA,HORODNICENI,1790.0
SUCEAVA,IACOBENI,1042.0
SUCEAVA,IASLOVĂŢ,1099.0
SUCEAVA,ILIŞEŞTI,1130.0
SUCEAVA,IPOTEŞTI,3175.0
SUCEAVA,IZVOARELE SUCEVEI,909.0
SUCEAVA,MĂLINI,1813.0
SUCEAVA,MĂNĂSTIREA HUMORULUI,1732.0
SUCEAVA,MARGINEA,3606.0
SUCEAVA,MITOCU DRAGOMIRNEI,2217.0
SUCEAVA,MOARA,2556.0
SUCEAVA,MOLDOVA-SULIŢA,739.0
SUCEAVA,MOLDOVIŢA,2049.0
SUCEAVA,MUNICIPIUL CÂMPULUNG MOLDOVENESC,6382.0
SUCEAVA,MUNICIPIUL FĂLTICENI,10840.0
SUCEAVA,MUNICIPIUL RĂDĂUŢI,9343.0
SUCEAVA,MUNICIPIUL SUCEAVA,30489.0
SUCEAVA,MUNICIPIUL VATRA DORNEI,6413.0
SUCEAVA,MUŞENIŢA,790.0
SUCEAVA,ORAŞ BROŞTENI,2590.0
SUCEAVA,ORAŞ CAJVANA,2558.0
SUCEAVA,ORAŞ DOLHASCA,4035.0
SUCEAVA,ORAŞ FRASIN,2546.0
SUCEAVA,ORAŞ GURA HUMORULUI,4975.0
SUCEAVA,ORAŞ LITENI,3237.0
SUCEAVA,ORAŞ MILIŞĂUŢI,2107.0
SUCEAVA,ORAŞ SALCEA,4005.0
SUCEAVA,ORAŞ SIRET,3382.0
SUCEAVA,ORAŞ SOLCA,988.0
SUCEAVA,ORAŞ VICOVU DE SUS,4387.0
SUCEAVA,OSTRA,1276.0
SUCEAVA,PĂLTINOASA,2755.0
SUCEAVA,PANACI,1025.0
SUCEAVA,PÂRTEŞTII DE JOS,1275.0
SUCEAVA,PĂTRĂUŢI,2032.0
SUCEAVA,POIANA STAMPEI,1243.0
SUCEAVA,POIENI-SOLCA,780.0
SUCEAVA,POJORÂTA,1464.0
SUCEAVA,PREUTEŞTI,3133.0
SUCEAVA,PUTNA,1529.0
SUCEAVA,RĂDĂŞENI,1554.0
SUCEAVA,RÂŞCA,2127.0
SUCEAVA,SADOVA,1319.0
SUCEAVA,ŞARU DORNEI,1583.0
SUCEAVA,SATU MARE,1458.0
SUCEAVA,ŞCHEIA,4058.0
SUCEAVA,ŞERBĂUŢI,1184.0
SUCEAVA,SIMINICEA,1003.0
SUCEAVA,SLATINA,2818.0
SUCEAVA,STRAJA,2615.0
SUCEAVA,STROIEŞTI,1422.0
SUCEAVA,STULPICANI,2549.0
SUCEAVA,SUCEVIŢA,1226.0
SUCEAVA,TODIREŞTI,2310.0
SUCEAVA,UDEŞTI,2896.0
SUCEAVA,ULMA,473.0
SUCEAVA,VADU MOLDOVEI,2030.0
SUCEAVA,VALEA MOLDOVEI,1883.0
SUCEAVA,VAMA,2244.0
SUCEAVA,VATRA MOLDOVIŢEI,1746.0
SUCEAVA,VEREŞTI,2148.0
SUCEAVA,VICOVU DE JOS,2236.0
SUCEAVA,VOITINEL,1602.0
SUCEAVA,VOLOVĂŢ,1997.0
SUCEAVA,VULTUREŞTI,1509.0
SUCEAVA,ZAMOSTEA,1306.0
SUCEAVA,ZVORIŞTEA,1730.0
TELEORMAN,BĂBĂIŢA,1476.0
TELEORMAN,BALACI,845.0
TELEORMAN,BECIU,715.0
TELEORMAN,BEUCA,848.0
TELEORMAN,BLEJEŞTI,1994.0
TELEORMAN,BOGDANA,1172.0
TELEORMAN,BOTOROAGA,2667.0
TELEORMAN,BRAGADIRU,1902.0
TELEORMAN,BRÂNCENI,1417.0
TELEORMAN,BUJORENI,568.0
TELEORMAN,BUJORU,930.0
TELEORMAN,BUZESCU,1948.0
TELEORMAN,CĂLINEŞTI,1841.0
TELEORMAN,CĂLMĂŢUIU,1051.0
TELEORMAN,CĂLMĂŢUIU DE SUS,1138.0
TELEORMAN,CERVENIA,1294.0
TELEORMAN,CIOLĂNEŞTI,1175.0
TELEORMAN,CIUPERCENI,954.0
TELEORMAN,CONŢEŞTI,1805.0
TELEORMAN,COSMEŞTI,1494.0
TELEORMAN,CRÂNGENI,1185.0
TELEORMAN,CRÂNGU,918.0
TELEORMAN,CREVENICU,888.0
TELEORMAN,DIDEŞTI,741.0
TELEORMAN,DOBROTEŞTI,1656.0
TELEORMAN,DRACEA,736.0
TELEORMAN,DRĂCŞENEI,881.0
TELEORMAN,DRĂGĂNEŞTI DE VEDE,1121.0
TELEORMAN,DRĂGĂNEŞTI-VLAŞCA,1992.0
TELEORMAN,FÂNTÂNELE,1134.0
TELEORMAN,FRĂSINET,1202.0
TELEORMAN,FRUMOASA,1122.0
TELEORMAN,FURCULEŞTI,1527.0
TELEORMAN,GĂLĂTENI,1656.0
TELEORMAN,GRATIA,1295.0
TELEORMAN,ISLAZ,1385.0
TELEORMAN,IZVOARELE,1070.0
TELEORMAN,LISA,1166.0
TELEORMAN,LIŢA,1291.0
TELEORMAN,LUNCA,1622.0
TELEORMAN,MĂGURA,1391.0
TELEORMAN,MĂLDĂENI,1892.0
TELEORMAN,MÂRZĂNEŞTI,2080.0
TELEORMAN,MAVRODIN,988.0
TELEORMAN,MERENI,1226.0
TELEORMAN,MOŞTENI,897.0
TELEORMAN,MUNICIPIUL ALEXANDRIA,14653.0
TELEORMAN,MUNICIPIUL ROŞIORI DE VEDE,8060.0
TELEORMAN,MUNICIPIUL TURNU MĂGURELE,8906.0
TELEORMAN,NANOV,1773.0
TELEORMAN,NĂSTURELU,1446.0
TELEORMAN,NECŞEŞTI,753.0
TELEORMAN,NENCIULEŞTI,1028.0
TELEORMAN,OLTENI,1609.0
TELEORMAN,ORAŞ VIDELE,5121.0
TELEORMAN,ORAŞ ZIMNICEA,5855.0
TELEORMAN,ORBEASCA,3064.0
TELEORMAN,PERETU,2904.0
TELEORMAN,PIATRA,1773.0
TELEORMAN,PIETROŞANI,1443.0
TELEORMAN,PLOPII-SLĂVITEŞTI,1460.0
TELEORMAN,PLOSCA,2717.0
TELEORMAN,POENI,1662.0
TELEORMAN,POROSCHIA,2207.0
TELEORMAN,PURANI,958.0
TELEORMAN,PUTINEIU,1090.0
TELEORMAN,RĂDOIEŞTI,1238.0
TELEORMAN,RĂSMIREŞTI,675.0
TELEORMAN,SĂCENI,666.0
TELEORMAN,SAELELE,1282.0
TELEORMAN,SALCIA,1168.0
TELEORMAN,SÂRBENI,870.0
TELEORMAN,SCRIOAŞTEA,1944.0
TELEORMAN,SCURTU MARE,952.0
TELEORMAN,SEACA,1282.0
TELEORMAN,SEGARCEA-VALE,1454.0
TELEORMAN,SFINŢEŞTI,692.0
TELEORMAN,SILIŞTEA,1287.0
TELEORMAN,SILIŞTEA-GUMEŞTI,1193.0
TELEORMAN,SLOBOZIA MÂNDRA,870.0
TELEORMAN,SMÂRDIOASA,1156.0
TELEORMAN,STEJARU,1117.0
TELEORMAN,ŞTOROBĂNEASA,1408.0
TELEORMAN,SUHAIA,1238.0
TELEORMAN,TALPA,1125.0
TELEORMAN,TĂTĂRĂŞTII DE JOS,1525.0
TELEORMAN,TĂTĂRĂŞTII DE SUS,1472.0
TELEORMAN,ŢIGĂNEŞTI,2366.0
TELEORMAN,TRAIAN,784.0
TELEORMAN,TRIVALEA-MOŞTENI,1315.0
TELEORMAN,TROIANUL,1494.0
TELEORMAN,UDA-CLOCOCIOV,904.0
TELEORMAN,VÂRTOAPE,1988.0
TELEORMAN,VEDEA,1403.0
TELEORMAN,VIIŞOARA,843.0
TELEORMAN,VITĂNEŞTI,1456.0
TELEORMAN,ZÂMBREASCA,800.0
TIMIŞ,BALINŢ,715.0
TIMIŞ,BANLOC,1127.0
TIMIŞ,BARA,504.0
TIMIŞ,BÂRNA,618.0
TIMIŞ,BEBA VECHE,669.0
TIMIŞ,BECICHERECU MIC,1260.0
TIMIŞ,BELINŢ,1499.0
TIMIŞ,BETHAUSEN,1497.0
TIMIŞ,BILED,1728.0
TIMIŞ,BIRDA,859.0
TIMIŞ,BOGDA,294.0
TIMIŞ,BOLDUR,1519.0
TIMIŞ,BRESTOVĂŢ,592.0
TIMIŞ,BUCOVĂŢ,1224.0
TIMIŞ,CĂRPINIŞ,1819.0
TIMIŞ,CENAD,1501.0
TIMIŞ,CENEI,1269.0
TIMIŞ,CHECEA,535.0
TIMIŞ,CHEVEREŞU MARE,1235.0
TIMIŞ,COMLOŞU MARE,1999.0
TIMIŞ,COŞTEIU,1911.0
TIMIŞ,CRICIOVA,1089.0
TIMIŞ,CURTEA,715.0
TIMIŞ,DAROVA,1346.0
TIMIŞ,DENTA,1408.0
TIMIŞ,DUDEŞTII NOI,1517.0
TIMIŞ,DUDEŞTII VECHI,1713.0
TIMIŞ,DUMBRAVA,1345.0
TIMIŞ,DUMBRĂVIŢA,6416.0
TIMIŞ,FÂRDEA,1053.0
TIMIŞ,FIBIŞ,861.0
TIMIŞ,FOENI,795.0
TIMIŞ,GAVOJDIA,1143.0
TIMIŞ,GHILAD,736.0
TIMIŞ,GHIRODA,3318.0
TIMIŞ,GHIZELA,684.0
TIMIŞ,GIARMATA,3004.0
TIMIŞ,GIERA,620.0
TIMIŞ,GIROC,6796.0
TIMIŞ,GIULVĂZ,1011.0
TIMIŞ,GOTTLOB,878.0
TIMIŞ,IECEA MARE,1363.0
TIMIŞ,JAMU MARE,1193.0
TIMIŞ,JEBEL,1647.0
TIMIŞ,LENAUHEIM,1945.0
TIMIŞ,LIEBLING,1629.0
TIMIŞ,LIVEZILE,663.0
TIMIŞ,LOVRIN,1189.0
TIMIŞ,MĂNĂŞTIUR,999.0
TIMIŞ,MARGINA,1025.0
TIMIŞ,MAŞLOC,841.0
TIMIŞ,MORAVIŢA,1126.0
TIMIŞ,MOŞNIŢA NOUĂ,4773.0
TIMIŞ,MUNICIPIUL LUGOJ,13740.0
TIMIŞ,MUNICIPIUL TIMIŞOARA,91711.0
TIMIŞ,NĂDRAG,1317.0
TIMIŞ,NIŢCHIDORF,735.0
TIMIŞ,OHABA LUNGĂ,878.0
TIMIŞ,ORAŞ BUZIAŞ,2604.0
TIMIŞ,ORAŞ CIACOVA,2174.0
TIMIŞ,ORAŞ DETA,2424.0
TIMIŞ,ORAŞ FĂGET,2853.0
TIMIŞ,ORAŞ GĂTAIA,2572.0
TIMIŞ,ORAŞ JIMBOLIA,4416.0
TIMIŞ,ORAŞ RECAŞ,3777.0
TIMIŞ,ORAŞ SÂNNICOLAU MARE,4576.0
TIMIŞ,ORŢIŞOARA,1961.0
TIMIŞ,OTELEC,707.0
TIMIŞ,PĂDURENI,1243.0
TIMIŞ,PARŢA,1160.0
TIMIŞ,PECIU NOU,2040.0
TIMIŞ,PERIAM,1723.0
TIMIŞ,PESAC,859.0
TIMIŞ,PIETROASA,851.0
TIMIŞ,PIŞCHIA,1568.0
TIMIŞ,RACOVIŢA,1760.0
TIMIŞ,REMETEA MARE,1406.0
TIMIŞ,SĂCĂLAZ,4159.0
TIMIŞ,SACOŞU TURCESC,1584.0
TIMIŞ,ŞAG,2268.0
TIMIŞ,SÂNANDREI,2687.0
TIMIŞ,ŞANDRA,1180.0
TIMIŞ,SÂNMIHAIU ROMÂN,3468.0
TIMIŞ,SÂNPETRU MARE,1372.0
TIMIŞ,SARAVALE,1098.0
TIMIŞ,SATCHINEZ,1968.0
TIMIŞ,SECAŞ,357.0
TIMIŞ,ŞTIUCA,909.0
TIMIŞ,TEREMIA MARE,1632.0
TIMIŞ,TOMEŞTI,983.0
TIMIŞ,TOMNATIC,1282.0
TIMIŞ,TOPOLOVĂŢU MARE,1079.0
TIMIŞ,TORMAC,1366.0
TIMIŞ,TRAIAN VUIA,1106.0
TIMIŞ,UIVAR,1187.0
TIMIŞ,VĂLCANI,634.0
TIMIŞ,VARIAŞ,2436.0
TIMIŞ,VICTOR VLAD DELAMARINA,1197.0
TIMIŞ,VOITEG,1087.0
TULCEA,BAIA,2490.0
TULCEA,BEIDAUD,942.0
TULCEA,BEŞTEPE,758.0
TULCEA,CARCALIU,882.0
TULCEA,C.A. ROSETTI,336.0
TULCEA,CASIMCEA,1255.0
TULCEA,CEAMURLIA DE JOS,1036.0
TULCEA,CEATALCHIOI,410.0
TULCEA,CERNA,1555.0
TULCEA,CHILIA VECHE,858.0
TULCEA,CIUCUROVA,837.0
TULCEA,CRIŞAN,694.0
TULCEA,DĂENI,997.0
TULCEA,DOROBANŢU,638.0
TULCEA,FRECĂŢEI,1469.0
TULCEA,GRECI,1729.0
TULCEA,GRINDU,715.0
TULCEA,HAMCEARCA,752.0
TULCEA,HORIA,751.0
TULCEA,I.C.BRĂTIANU,652.0
TULCEA,IZVOARELE,1075.0
TULCEA,JIJILA,2115.0
TULCEA,JURILOVCA,1753.0
TULCEA,LUNCAVIŢA,1457.0
TULCEA,MAHMUDIA,1154.0
TULCEA,MALIUC,490.0
TULCEA,MIHAI BRAVU,1113.0
TULCEA,MIHAIL KOGĂLNICEANU,1477.0
TULCEA,MUNICIPIUL TULCEA,25544.0
TULCEA,MURIGHIOL,1495.0
TULCEA,NALBANT,1092.0
TULCEA,NICULIŢEL,1650.0
TULCEA,NUFĂRU,1284.0
TULCEA,ORAŞ BABADAG,3586.0
TULCEA,ORAŞ ISACCEA,1984.0
TULCEA,ORAŞ MĂCIN,3459.0
TULCEA,ORAŞ SULINA,1587.0
TULCEA,OSTROV,857.0
TULCEA,PARDINA,366.0
TULCEA,PECENEAGA,901.0
TULCEA,SARICHIOI,2356.0
TULCEA,SFÂNTU GHEORGHE,519.0
TULCEA,SLAVA CERCHEZĂ,814.0
TULCEA,SMÂRDAN,552.0
TULCEA,SOMOVA,2010.0
TULCEA,STEJARU,1149.0
TULCEA,TOPOLOG,1848.0
TULCEA,TURCOAIA,1579.0
TULCEA,VĂCĂRENI,1003.0
TULCEA,VALEA NUCARILOR,1402.0
TULCEA,VALEA TEILOR,681.0
VÂLCEA,ALUNU,2057.0
VÂLCEA,AMĂRĂŞTI,952.0
VÂLCEA,BĂRBĂTEŞTI,1304.0
VÂLCEA,BERISLĂVEŞTI,1509.0
VÂLCEA,BOIŞOARA,622.0
VÂLCEA,BUDEŞTI,2573.0
VÂLCEA,BUJORENI,2021.0
VÂLCEA,BUNEŞTI,1228.0
VÂLCEA,CÂINENI,1393.0
VÂLCEA,CERNIŞOARA,1691.0
VÂLCEA,COPĂCENI,1250.0
VÂLCEA,COSTEŞTI,1697.0
VÂLCEA,CREŢENI,1086.0
VÂLCEA,DĂEŞTI,1449.0
VÂLCEA,DĂNICEI,1043.0
VÂLCEA,DICULEŞTI,922.0
VÂLCEA,DRĂGOEŞTI,1112.0
VÂLCEA,FÂRTĂŢEŞTI,1840.0
VÂLCEA,FĂUREŞTI,790.0
VÂLCEA,FRÂNCEŞTI,2184.0
VÂLCEA,GALICEA,1991.0
VÂLCEA,GHIOROIU,830.0
VÂLCEA,GLĂVILE,1009.0
VÂLCEA,GOLEŞTI,1311.0
VÂLCEA,GRĂDIŞTEA,1439.0
VÂLCEA,GUŞOENI,781.0
VÂLCEA,IONEŞTI,1462.0
VÂLCEA,LĂCUSTENI,762.0
VÂLCEA,LĂDEŞTI,1087.0
VÂLCEA,LALOŞU,1276.0
VÂLCEA,LĂPUŞATA,972.0
VÂLCEA,LIVEZI,1153.0
VÂLCEA,LUNGEŞTI,1311.0
VÂLCEA,MĂCIUCA,1020.0
VÂLCEA,MĂDULARI,818.0
VÂLCEA,MALAIA,1146.0
VÂLCEA,MĂLDĂREŞTI,932.0
VÂLCEA,MATEEŞTI,1597.0
VÂLCEA,MIHĂEŞTI,2780.0
VÂLCEA,MILCOIU,731.0
VÂLCEA,MITROFANI,549.0
VÂLCEA,MUEREASCA,844.0
VÂLCEA,MUNICIPIUL DRĂGĂŞANI,6376.0
VÂLCEA,MUNICIPIUL RÂMNICU VÂLCEA,33215.0
VÂLCEA,NICOLAE BĂLCESCU,1563.0
VÂLCEA,OLANU,1324.0
VÂLCEA,ORAŞ BĂBENI,3706.0
VÂLCEA,ORAŞ BĂILE GOVORA,1486.0
VÂLCEA,ORAŞ BĂILE OLĂNEŞTI,1989.0
VÂLCEA,ORAŞ BĂLCEŞTI,1923.0
VÂLCEA,ORAŞ BERBEŞTI,2259.0
VÂLCEA,ORAŞ BREZOI,2185.0
VÂLCEA,ORAŞ CĂLIMĂNEŞTI,3080.0
VÂLCEA,ORAŞ HOREZU,3252.0
VÂLCEA,ORAŞ OCNELE MARI,1853.0
VÂLCEA,ORLEŞTI,1174.0
VÂLCEA,OTEŞANI,1202.0
VÂLCEA,PĂUŞEŞTI,1181.0
VÂLCEA,PĂUŞEŞTI-MĂGLAŞI,1771.0
VÂLCEA,PERIŞANI,972.0
VÂLCEA,PESCEANA,815.0
VÂLCEA,PIETRARI,1294.0
VÂLCEA,POPEŞTI,1664.0
VÂLCEA,PRUNDENI,1593.0
VÂLCEA,RACOVIŢA,916.0
VÂLCEA,ROEŞTI,1091.0
VÂLCEA,ROŞIILE,1115.0
VÂLCEA,RUNCU,561.0
VÂLCEA,SĂLĂTRUCEL,1114.0
VÂLCEA,SCUNDU,975.0
VÂLCEA,SINEŞTI,1285.0
VÂLCEA,ŞIRINEASA,1156.0
VÂLCEA,SLĂTIOARA,1393.0
VÂLCEA,STĂNEŞTI,582.0
VÂLCEA,ŞTEFĂNEŞTI,1719.0
VÂLCEA,STOENEŞTI,1720.0
VÂLCEA,STOILEŞTI,1899.0
VÂLCEA,STROEŞTI,1350.0
VÂLCEA,ŞUŞANI,1632.0
VÂLCEA,SUTEŞTI,1092.0
VÂLCEA,TETOIU,1169.0
VÂLCEA,TITEŞTI,327.0
VÂLCEA,TOMŞANI,1739.0
VÂLCEA,VAIDEENI,1927.0
VÂLCEA,VALEA MARE,1196.0
VÂLCEA,VLĂDEŞTI,1617.0
VÂLCEA,VOICEŞTI,896.0
VÂLCEA,VOINEASA,769.0
VÂLCEA,ZĂTRENI,1110.0
VASLUI,ALBEŞTI,972.0
VASLUI,ALEXANDRU VLAHUŢĂ,672.0
VASLUI,ARSURA,805.0
VASLUI,BĂCANI,1131.0
VASLUI,BĂCEŞTI,1460.0
VASLUI,BĂLTENI,617.0
VASLUI,BANCA,2365.0
VASLUI,BEREZENI,1740.0
VASLUI,BLĂGEŞTI,533.0
VASLUI,BOGDANA,581.0
VASLUI,BOGDĂNEŞTI,1282.0
VASLUI,BOGDĂNIŢA,655.0
VASLUI,BOŢEŞTI,834.0
VASLUI,BUNEŞTI-AVEREŞTI,1090.0
VASLUI,CIOCANI,723.0
VASLUI,CODĂEŞTI,1490.0
VASLUI,COROIEŞTI,657.0
VASLUI,COSTEŞTI,947.0
VASLUI,COZMEŞTI,734.0
VASLUI,CREŢEŞTI,777.0
VASLUI,DĂNEŞTI,777.0
VASLUI,DELENI,970.0
VASLUI,DELEŞTI,871.0
VASLUI,DIMITRIE CANTEMIR,996.0
VASLUI,DODEŞTI,856.0
VASLUI,DRAGOMIREŞTI,1649.0
VASLUI,DRÂNCENI,1764.0
VASLUI,DUDA-EPURENI,1659.0
VASLUI,DUMEŞTI,1311.0
VASLUI,EPURENI,1270.0
VASLUI,FĂLCIU,2138.0
VASLUI,FEREŞTI,866.0
VASLUI,FRUNTIŞENI,920.0
VASLUI,GĂGEŞTI,888.0
VASLUI,GÂRCENI,843.0
VASLUI,GHERGHEŞTI,921.0
VASLUI,GRIVIŢA,1283.0
VASLUI,HOCENI,1276.0
VASLUI,IANA,1782.0
VASLUI,IBĂNEŞTI,719.0
VASLUI,IVĂNEŞTI,1408.0
VASLUI,IVEŞTI,1061.0
VASLUI,LAZA,1197.0
VASLUI,LIPOVĂŢ,1529.0
VASLUI,LUNCA BANULUI,1456.0
VASLUI,MĂLUŞTENI,1243.0
VASLUI,MICLEŞTI,905.0
VASLUI,MUNICIPIUL BÂRLAD,19041.0
VASLUI,MUNICIPIUL HUŞI,8040.0
VASLUI,MUNICIPIUL VASLUI,18315.0
VASLUI,MUNTENII DE JOS,1764.0
VASLUI,MUNTENII DE SUS,1265.0
VASLUI,OLTENEŞTI,1071.0
VASLUI,ORAŞ MURGENI,2312.0
VASLUI,ORAŞ NEGREŞTI,3269.0
VASLUI,OŞEŞTI,1058.0
VASLUI,PĂDURENI,1322.0
VASLUI,PERIENI,1518.0
VASLUI,POCHIDIA,832.0
VASLUI,POGANA,1338.0
VASLUI,POGONEŞTI,804.0
VASLUI,POIENEŞTI,1357.0
VASLUI,PUIEŞTI,1805.0
VASLUI,PUNGEŞTI,1293.0
VASLUI,PUŞCAŞI,1285.0
VASLUI,RAFAILA,711.0
VASLUI,REBRICEA,1283.0
VASLUI,ROŞIEŞTI,1405.0
VASLUI,SOLEŞTI,1350.0
VASLUI,STĂNILEŞTI,2082.0
VASLUI,ŞTEFAN CEL MARE,1533.0
VASLUI,ŞULETEA,1158.0
VASLUI,TĂCUTA,1206.0
VASLUI,TANACU,664.0
VASLUI,TĂTĂRANI,718.0
VASLUI,TODIREŞTI,1193.0
VASLUI,TUTOVA,1441.0
VASLUI,VĂLENI,1467.0
VASLUI,VETRIŞOAIA,1239.0
VASLUI,VIIŞOARA,789.0
VASLUI,VINDEREI,1477.0
VASLUI,VOINEŞTI,1470.0
VASLUI,VULTUREŞTI,985.0
VASLUI,VUTCANI,686.0
VASLUI,ZĂPODENI,1494.0
VASLUI,ZORLENI,3181.0
VRANCEA,ANDREIAŞU DE JOS,866.0
VRANCEA,BĂLEŞTI,991.0
VRANCEA,BÂRSEŞTI,736.0
VRANCEA,BILIEŞTI,1031.0
VRANCEA,BOGHEŞTI,638.0
VRANCEA,BOLOTEŞTI,2306.0
VRANCEA,BORDEŞTI,877.0
VRANCEA,BROŞTENI,936.0
VRANCEA,CÂMPINEANCA,1736.0
VRANCEA,CÂMPURI,1550.0
VRANCEA,CÂRLIGELE,1146.0
VRANCEA,CHIOJDENI,1146.0
VRANCEA,CIORĂŞTI,1097.0
VRANCEA,CORBIŢA,763.0
VRANCEA,COTEŞTI,1737.0
VRANCEA,DUMBRĂVENI,1846.0
VRANCEA,DUMITREŞTI,2546.0
VRANCEA,FITIONEŞTI,1119.0
VRANCEA,GAROAFA,1999.0
VRANCEA,GOLEŞTI,1751.0
VRANCEA,GOLOGANU,1391.0
VRANCEA,GUGEŞTI,2356.0
VRANCEA,GURA CALIŢEI,1219.0
VRANCEA,HOMOCEA,2864.0
VRANCEA,JARIŞTEA,1601.0
VRANCEA,JITIA,827.0
VRANCEA,MĂICĂNEŞTI,2179.0
VRANCEA,MERA,1590.0
VRANCEA,MILCOVUL,1652.0
VRANCEA,MOVILIŢA,1317.0
VRANCEA,MUNICIPIUL ADJUD,5986.0
VRANCEA,MUNICIPIUL FOCŞANI,30831.0
VRANCEA,NĂNEŞTI,898.0
VRANCEA,NĂRUJA,1028.0
VRANCEA,NEGRILEŞTI,630.0
VRANCEA,NEREJU,2165.0
VRANCEA,NISTOREŞTI,996.0
VRANCEA,OBREJIŢA,817.0
VRANCEA,ORAŞ MĂRĂŞEŞTI,4055.0
VRANCEA,ORAŞ ODOBEŞTI,3898.0
VRANCEA,ORAŞ PANCIU,3667.0
VRANCEA,PALTIN,991.0
VRANCEA,PĂULEŞTI,931.0
VRANCEA,PĂUNEŞTI,2161.0
VRANCEA,PLOSCUŢENI,1165.0
VRANCEA,POIANA CRISTEI,1299.0
VRANCEA,POPEŞTI,1268.0
VRANCEA,PUFEŞTI,1676.0
VRANCEA,RĂCOASA,1304.0
VRANCEA,RĂSTOACA,1094.0
VRANCEA,REGHIU,997.0
VRANCEA,RUGINEŞTI,1573.0
VRANCEA,SIHLEA,1812.0
VRANCEA,SLOBOZIA BRADULUI,2856.0
VRANCEA,SLOBOZIA CIORĂŞTI,783.0
VRANCEA,SOVEJA,1089.0
VRANCEA,SPULBER,661.0
VRANCEA,STRĂOANE,1493.0
VRANCEA,SURAIA,2043.0
VRANCEA,TÂMBOEŞTI,1575.0
VRANCEA,TĂNĂSOAIA,1086.0
VRANCEA,TĂTĂRANU,1860.0
VRANCEA,ŢIFEŞTI,1910.0
VRANCEA,TULNICI,1687.0
VRANCEA,URECHEŞTI,1130.0
VRANCEA,VALEA SĂRII,1081.0
VRANCEA,VÂNĂTORI,2615.0
VRANCEA,VÂRTEŞCOIU,1426.0
VRANCEA,VIDRA,2956.0
VRANCEA,VINTILEASCA,1000.0
VRANCEA,VIZANTEA-LIVEZI,1523.0
VRANCEA,VRÂNCIOAIA,1120.0
VRANCEA,VULTURU,2397.0
